<?xml version="1.0" encoding="UTF-8"?>
<metadata>
  <idinfo>
    <citation>
      <citeinfo>
        <origin>Kara S. Doran</origin>
        <origin>Justin J. Birchler</origin>
        <origin>Kirsten J. Bendik</origin>
        <pubdate>20190813</pubdate>
        <title>Hurricane Michael Overwash Extents</title>
        <geoform>vector digital data</geoform>
        <serinfo>
          <sername>U.S. Geological Survey Data Release</sername>
          <issue>doi:10.5066/P9BW6CG6</issue>
        </serinfo>
        <pubinfo>
          <pubplace>St. Petersburg, FL</pubplace>
          <publish>U.S. Geological Survey</publish>
        </pubinfo>
        <onlink>https://doi.org/10.5066/P9BW6CG6</onlink>
      </citeinfo>
    </citation>
    <descript>
      <abstract>The National Assessment of Coastal Change Hazards project exists to understand and predict storm impacts to our nation's coastlines. This geospatial dataset defines the alongshore extent of overwash sediments deposited along the southeast coast of the United States in Florida and attributed to coastal processes during [Atlantic Basin] Hurricane Michael, which made landfall in the U.S. on October 10, 2018.</abstract>
      <purpose>To provide alongshore extents of overwash deposits caused by Hurricane Michael.</purpose>
    </descript>
    <timeperd>
      <timeinfo>
        <rngdates>
          <begdate>20181007</begdate>
          <enddate>20181011</enddate>
        </rngdates>
      </timeinfo>
      <current>ground condition</current>
    </timeperd>
    <status>
      <progress>Complete</progress>
      <update>None planned</update>
    </status>
    <spdom>
      <bounding>
        <westbc>-87.406099</westbc>
        <eastbc>-84.321518</eastbc>
        <northbc>30.397314</northbc>
        <southbc>29.575500</southbc>
      </bounding>
    </spdom>
    <keywords>
      <theme>
        <themekt>None</themekt>
        <themekey>U.S. Geological Survey</themekey>
        <themekey>USGS</themekey>
        <themekey>St. Petersburg Coastal and Marine Science Center</themekey>
        <themekey>Coastal and Marine Geology Program</themekey>
        <themekey>Coastal and Marine Hazards and Resources Program</themekey>
        <themekey>CMGP</themekey>
        <themekey>CMHRP</themekey>
        <themekey>SPCMSC</themekey>
      </theme>
      <theme>
        <themekt>ISO 19115 Topic Category</themekt>
        <themekey>geoscientificInformation</themekey>
        <themekey>oceans</themekey>
        <themekey>environment</themekey>
      </theme>
      <theme>
        <themekt>USGS Thesaurus</themekt>
        <themekey>hazards</themekey>
        <themekey>marine geology</themekey>
        <themekey>ocean sciences</themekey>
        <themekey>coastal processes</themekey>
        <themekey>sand deposits</themekey>
        <themekey>sedimentation</themekey>
      </theme>
      <place>
        <placekt>Geographic Names Information System</placekt>
        <placekey>United States of America</placekey>
        <placekey>Florida</placekey>
      </place>
    </keywords>
    <accconst>None</accconst>
    <useconst>Public domain data from the U.S. Government are freely redistributable with proper metadata and source attribution. The U.S. Geological Survey requests to be acknowledged as originators of the data in future products or derivative research.</useconst>
    <ptcontac>
      <cntinfo>
        <cntorgp>
          <cntorg>U.S. Geological Survey</cntorg>
          <cntper>Kara Doran</cntper>
        </cntorgp>
        <cntaddr>
          <addrtype>mailing and physical</addrtype>
          <address>600 4th Street South</address>
          <city>Saint Petersburg</city>
          <state>FL</state>
          <postal>33701</postal>
          <country>UNITED STATES</country>
        </cntaddr>
        <cntvoice>727-502-8117</cntvoice>
        <cntfax>727-502-8001</cntfax>
        <cntemail>kdoran@usgs.gov</cntemail>
      </cntinfo>
    </ptcontac>
    <native>Microsoft Windows 7 Version 6.1 (Build 7600); Esri ArcGIS 10.5.1</native>
  </idinfo>
  <dataqual>
    <logic>Data were QA/QC'd by an independent researcher using USGS oblique aerial photography.</logic>
    <complete>This dataset is considered complete for the information presented, as described in the abstract section. Users are advised to read the rest of the metadata record carefully for additional details.</complete>
    <posacc>
      <horizpa>
        <horizpar>No formal horizontal positional accuracy tests were conducted.</horizpar>
      </horizpa>
      <vertacc>
        <vertaccr>No formal positional vertical accuracy tests were conducted.</vertaccr>
      </vertacc>
    </posacc>
    <lineage>
      <srcinfo>
        <srccite>
          <citeinfo>
            <origin>Department of Commerce (DOC), National Oceanic and Atmospheric Administration (NOAA), National Ocean Service (NOS), National Geodetic Survey (NGS), Remote Sensing Division</origin>
            <pubdate>201905</pubdate>
            <title>Hurricane Michael: Emergency Response Imagery of the Surrounding Regions</title>
            <pubinfo>
              <pubplace>Silver Spring, MD</pubplace>
              <publish>NOAA's Ocean Service, National Geodetic Survey (NGS)</publish>
            </pubinfo>
            <onlink>https://storms.ngs.noaa.gov/storms/michael/index.html</onlink>
          </citeinfo>
        </srccite>
        <typesrc>online digital data</typesrc>
        <srctime>
          <timeinfo>
            <rngdates>
              <begdate>20181007</begdate>
              <enddate>20181011</enddate>
            </rngdates>
          </timeinfo>
          <srccurr>ground condition</srccurr>
        </srctime>
        <srccitea>NOAA post-storm</srccitea>
        <srccontr>Post-storm imagery used to determine overwash extent.</srccontr>
      </srcinfo>
      <srcinfo>
        <srccite>
          <citeinfo>
            <origin>Department of Commerce (DOC), National Oceanic and Atmospheric Administration (NOAA), National Ocean Service (NOS), National Geodetic Survey (NGS), Remote Sensing Division</origin>
            <pubdate>201610</pubdate>
            <title>Hurricane Matthew: Rapid Response Imagery of the Surrounding Regions</title>
            <pubinfo>
              <pubplace>Silver Spring, MD</pubplace>
              <publish>NOAA's Ocean Service, National Geodetic Survey (NGS)</publish>
            </pubinfo>
            <onlink>http://geodesy.noaa.gov/storm_archive/storms/matthew/index.html</onlink>
          </citeinfo>
        </srccite>
        <typesrc>online digital data</typesrc>
        <srctime>
          <timeinfo>
            <rngdates>
              <begdate>201610</begdate>
              <enddate>201610</enddate>
            </rngdates>
          </timeinfo>
          <srccurr>ground condition</srccurr>
        </srctime>
        <srccitea>NOAA pre-storm</srccitea>
        <srccontr>Pre-storm imagery used to determine whether overwash occurred.</srccontr>
      </srcinfo>
      <srcinfo>
        <srccite>
          <citeinfo>
            <origin>U.S. Geological Survey</origin>
            <pubdate>Unpublished material</pubdate>
            <title>Hurricane Michael oblique aerial photography</title>
          </citeinfo>
        </srccite>
        <typesrc>aerial photos</typesrc>
        <srctime>
          <timeinfo>
            <rngdates>
              <begdate>20181007</begdate>
              <enddate>20181011</enddate>
            </rngdates>
          </timeinfo>
          <srccurr>ground condition</srccurr>
        </srctime>
        <srccitea>USGS obliques</srccitea>
        <srccontr>USGS low-angle oblique photographs of the coast taken after the storm (Hurricane Michael) were used to verify that areas identified as overwash were indeed overwash and not dune erosion and scarping. In many instances, dune erosion and overwash leave sand deposits that appear similar in high-angle imagery.</srccontr>
      </srcinfo>
      <procstep>
        <procdesc>Overwash extents are delineated, by hand, using ArcMap (10.5.1) and comparisons of pre-storm imagery and post-storm imagery. To determine whether overwash had occurred, USGS staff searched for new sand deposits over roads, marshes and vegetation.</procdesc>
        <procdate>20190612</procdate>
      </procstep>
      <procstep>
        <procdesc>Overwash extents were QA/QC'd by an independent, second researcher using low-angle oblique photography to determine if any features were erroneously identified as overwash but were actually dune erosion.</procdesc>
        <procdate>20190612</procdate>
      </procstep>
      <procstep>
        <procdesc> The final .shp file was copied and converted to a .kmz file (Global Mapper 20.1) for use with non-proprietary software.</procdesc>
        <procdate>20190710</procdate>
      </procstep>
    </lineage>
  </dataqual>
  <spdoinfo>
    <direct>Vector</direct>
    <ptvctinf>
      <sdtsterm>
        <sdtstype>String</sdtstype>
        <ptvctcnt>220</ptvctcnt>
      </sdtsterm>
    </ptvctinf>
  </spdoinfo>
  <spref>
    <horizsys>
      <planar>
        <gridsys>
          <gridsysn>Universal Transverse Mercator</gridsysn>
          <utm>
            <utmzone>17</utmzone>
            <transmer>
              <sfctrmer>0.9996</sfctrmer>
              <longcm>-81.0</longcm>
              <latprjo>0.0</latprjo>
              <feast>500000.0</feast>
              <fnorth>0.0</fnorth>
            </transmer>
          </utm>
        </gridsys>
        <planci>
          <plance>coordinate pair</plance>
          <coordrep>
            <absres>0.6096</absres>
            <ordres>0.6096</ordres>
          </coordrep>
          <plandu>meters</plandu>
        </planci>
      </planar>
      <geodetic>
        <horizdn>D WGS 1984</horizdn>
        <ellips>WGS 1984</ellips>
        <semiaxis>6378137.0</semiaxis>
        <denflat>298.257223563</denflat>
      </geodetic>
    </horizsys>
  </spref>
  <eainfo>
    <detailed>
      <enttyp>
        <enttypl>Michael_overwash_extent.shp</enttypl>
        <enttypd>Overwash extents for Hurricane Michael.</enttypd>
        <enttypds>USGS</enttypds>
      </enttyp>
      <attr>
        <attrlabl>FID</attrlabl>
        <attrdef>Internal feature number.</attrdef>
        <attrdefs>Esri</attrdefs>
        <attrdomv>
          <udom>Sequential unique whole numbers that are automatically generated.</udom>
        </attrdomv>
      </attr>
      <attr>
        <attrlabl>Shape</attrlabl>
        <attrdef>Feature geometry.</attrdef>
        <attrdefs>Esri</attrdefs>
        <attrdomv>
          <udom>Coordinates defining the features.</udom>
        </attrdomv>
      </attr>
      <attr>
        <attrlabl>OBJECTID</attrlabl>
        <attrdef>Overwash segment identification number.</attrdef>
        <attrdefs>Esri</attrdefs>
        <attrdomv>
          <rdom>
            <rdommin>3</rdommin>
            <rdommax>260</rdommax>
          </rdom>
        </attrdomv>
      </attr>
      <attr>
        <attrlabl>Extent</attrlabl>
        <attrdef>A term is inserted here if the overwash extent covered a road or marsh. If the field is blank, the overwash deposit did not cover any roads or marshes.</attrdef>
        <attrdefs>USGS</attrdefs>
        <attrdomv>
          <edom>
            <edomv>road</edomv>
            <edomvd>The substrate onto which overwash sediments are deposited.</edomvd>
            <edomvds>USGS</edomvds>
          </edom>
        </attrdomv>
      </attr>
      <attr>
        <attrlabl>SHAPE_Leng</attrlabl>
        <attrdef>length of line segment, in meters.</attrdef>
        <attrdefs>Esri</attrdefs>
        <attrdomv>
          <rdom>
            <rdommin>21.537368</rdommin>
            <rdommax>5142.005978</rdommax>
            <attrunit>meters</attrunit>
          </rdom>
        </attrdomv>
      </attr>
    </detailed>
  </eainfo>
  <distinfo>
    <distrib>
      <cntinfo>
        <cntorgp>
          <cntorg>U.S. Geological Survey</cntorg>
          <cntper>Kara S. Doran</cntper>
        </cntorgp>
        <cntaddr>
          <addrtype>mailing and physical</addrtype>
          <address>600 4th Street South</address>
          <city>Saint Petersburg</city>
          <state>FL</state>
          <postal>33701</postal>
        </cntaddr>
        <cntvoice>727-502-8117</cntvoice>
        <cntfax>727-502-8001</cntfax>
        <cntemail>kdoran@usgs.gov</cntemail>
      </cntinfo>
    </distrib>
    <distliab>This digital publication was prepared by an agency of the United States Government. Although these data have been processed successfully on a computer system at the U.S. Geological Survey, no warranty expressed or implied is made regarding the display or utility of the data on any other system, nor shall the act of distribution imply any such warranty. The U.S. Geological Survey shall not be held liable for improper or incorrect use of the data described and (or) contained herein. Reference herein to any specific commercial product, process, or service by trade name, trademark, manufacturer, or otherwise does not constitute or imply its endorsement, recommendation, or favoring by the United States Government or any agency thereof.</distliab>
    <stdorder>
      <digform>
        <digtinfo>
          <formname>SHP (ArcGIS shapefile), KMZ</formname>
          <filedec>The data download file is compressed and must be unzipped using software such as WinZip, 7Zip, etc. before use.</filedec>
        </digtinfo>
        <digtopt>
          <onlinopt>
            <computer>
              <networka>
                <networkr>https://coastal.er.usgs.gov/data-release/doi-P9BW6CG6/data/Michael_Overwash_Extent.zip</networkr>
              </networka>
            </computer>
            <accinstr>None</accinstr>
          </onlinopt>
        </digtopt>
      </digform>
      <fees>None</fees>
    </stdorder>
  </distinfo>
  <metainfo>
    <metd>20190723</metd>
    <metc>
      <cntinfo>
        <cntorgp>
          <cntorg>U.S. Geological Survey</cntorg>
          <cntper>Kara S. Doran</cntper>
        </cntorgp>
        <cntaddr>
          <addrtype>mailing and physical</addrtype>
          <address>600 4th Street South</address>
          <city>Saint Petersburg</city>
          <state>FL</state>
          <postal>33701</postal>
          <country>UNITED STATES</country>
        </cntaddr>
        <cntvoice>727-502-8117</cntvoice>
        <cntfax>727-502-8001</cntfax>
        <cntemail>kdoran@usgs.gov</cntemail>
      </cntinfo>
    </metc>
    <metstdn>Content Standard for Digital Geospatial Metadata</metstdn>
    <metstdv>FGDC-STD-001-1998</metstdv>
    <mettc>local time</mettc>
  </metainfo>
</metadata>
