<?xml version="1.0" encoding="UTF-8"?>
<metadata>
  <idinfo>
    <citation>
      <citeinfo>
        <origin>Justin J. Birchler</origin>
        <origin>Kara S. Doran</origin>
        <origin>Heather A. Schreppel</origin>
        <origin>Hilary F. Stockdon</origin>
        <pubdate>20190619</pubdate>
        <title>Hurricane Florence Assessment of Potential Coastal Change Impacts: NHC Advisory 57, 1100 AM EDT THU SEP 13 2018</title>
        <geoform>vector digital data</geoform>
        <serinfo>
          <sername>U.S. Geological Survey Data Release</sername>
          <issue>doi:10.5066/P9Z362BC</issue>
        </serinfo>
        <pubinfo>
          <pubplace>St. Petersburg, FL</pubplace>
          <publish>U.S. Geological Survey</publish>
        </pubinfo>
        <onlink>https://doi.org/10.5066/P9Z362BC</onlink>
        <lworkcit>
          <citeinfo>
            <origin>U.S. Geological Survey</origin>
            <pubdate>2019</pubdate>
            <title>USGS Coastal Change Hazards Portal</title>
            <onlink>https://marine.usgs.gov/coastalchangehazardsportal</onlink>
          </citeinfo>
        </lworkcit>
      </citeinfo>
    </citation>
    <descript>
      <abstract>This dataset defines storm-induced coastal erosion hazards for the Georgia, South Carolina, North Carolina, Virginia, Maryland, Delaware, New Jersey and New York coastline. The analysis was based on a storm-impact scaling model that used observations of beach morphology combined with sophisticated hydrodynamic models to predict how the coast would respond to the direct landfall of Hurricane Florence in September 2018. Storm-induced water levels, due to both surge and waves, were compared to beach and dune elevations to determine the probabilities of the three types of coastal change: collision (dune erosion), overwash, and inundation. . All hydrodynamic and morphologic variables are included in this dataset.</abstract>
      <purpose>To provide data on the probability of storm-induced coastal erosion hazards for the Georgia, South Carolina, North Carolina, Virginia, Maryland, Delaware, New Jersey and New York coast post-Hurricane Florence.</purpose>
    </descript>
    <timeperd>
      <timeinfo>
        <sngdate>
          <caldate>20180913</caldate>
        </sngdate>
      </timeinfo>
      <current>ground condition</current>
    </timeperd>
    <status>
      <progress>Complete</progress>
      <update>None planned, however future updates and post-storm analyses are anticipated.</update>
    </status>
    <spdom>
      <bounding>
        <westbc>-81.458719</westbc>
        <eastbc>-71.854854</eastbc>
        <northbc>41.073131</northbc>
        <southbc>30.696351</southbc>
      </bounding>
    </spdom>
    <keywords>
      <theme>
        <themekt>None</themekt>
        <themekey>U.S. Geological Survey</themekey>
        <themekey>USGS</themekey>
        <themekey>St. Petersburg Coastal and Marine Science Center</themekey>
        <themekey>Coastal and Marine Geology Program</themekey>
        <themekey>CMGP</themekey>
        <themekey>SPCMSC</themekey>
        <themekey>Hurricane Florence</themekey>
        <themekey>coastal</themekey>
      </theme>
      <theme>
        <themekt>ISO 19115 Topic Category</themekt>
        <themekey>oceans</themekey>
        <themekey>elevation</themekey>
        <themekey>environment</themekey>
        <themekey>geoscientificInformation</themekey>
      </theme>
      <theme>
        <themekt>USGS Thesaurus</themekt>
        <themekey>hazards</themekey>
        <themekey>marine geology</themekey>
        <themekey>ocean sciences</themekey>
        <themekey>coastal processes</themekey>
        <themekey>erosion</themekey>
      </theme>
      <theme>
        <themekt>Data Categories for Marine Planning</themekt>
        <themekey>distributions</themekey>
        <themekey>bathymetry and elevation</themekey>
        <themekey>physical habitats and geomorphology</themekey>
      </theme>
      <theme>
        <themekt>Marine Realms Information Bank (MRIB) Keywords</themekt>
        <themekey>effects of coastal change</themekey>
        <themekey>shoreline accretion</themekey>
        <themekey>shoreline erosion</themekey>
        <themekey>storm erosion</themekey>
        <themekey>topographic mapping</themekey>
        <themekey>hurricanes and typhoons</themekey>
      </theme>
      <place>
        <placekt>Geographic Names Information System</placekt>
        <placekey>United States of America</placekey>
        <placekey>Georgia</placekey>
        <placekey>South Carolina</placekey>
        <placekey>North Carolina</placekey>
        <placekey>Virginia</placekey>
        <placekey>Maryland</placekey>
        <placekey>Delaware</placekey>
        <placekey>New Jersey</placekey>
        <placekey>New York</placekey>
      </place>
    </keywords>
    <accconst>None</accconst>
    <useconst>Public domain data from the U.S. Government are freely redistributable with proper metadata and source attribution. The U.S. Geological Survey requests to be acknowledged as originators of the data in future products or derivative research.</useconst>
    <ptcontac>
      <cntinfo>
        <cntorgp>
          <cntorg>U.S. Geological Survey</cntorg>
          <cntper>Hilary Stockdon</cntper>
        </cntorgp>
        <cntaddr>
          <addrtype>mailing and physical</addrtype>
          <address>600 4th Street South</address>
          <city>Saint Petersburg</city>
          <state>FL</state>
          <postal>33701</postal>
          <country>UNITED STATES</country>
        </cntaddr>
        <cntvoice>727-502-8074</cntvoice>
        <cntfax>727-502-8182</cntfax>
        <cntemail>hstockdon@usgs.gov</cntemail>
      </cntinfo>
    </ptcontac>
    <datacred>The predicted elevations of storm surge were extracted from the National Oceanic and Atmospheric Administration’s (NOAA) Sea, Lake, and Overland Surges from Hurricanes (SLOSH) model, which has been employed by NOAA in inundation risk studies and operational storm surge forecasting. Wave runup and setup conditions were generated using NOAA's WaveWatch III model.</datacred>
    <native>Microsoft Windows 7 Version 6.1 (Build 7600); Esri ArcGIS 10.0.4.4000</native>
  </idinfo>
  <dataqual>
    <logic>No additional checks for consistency were performed on this data.</logic>
    <complete>This dataset includes dune morphology and hurricane hydrodynamic data used to generate probabilities of hurricane-induced erosion, elevation data from lidar surveys are not included. Measurements were collected approximately every 10 meters (m) and summarized to 1-kilometer (km) segments.</complete>
    <posacc>
      <horizpa>
        <horizpar>Horizontal accuracy was not estimated.</horizpar>
      </horizpa>
      <vertacc>
        <vertaccr>Vertical accuracy for hydrodynamic measurements (surge, setup, and runup) is dependent on input data. SLOSH model accuracy is estimated to be +/- 20 percent of the calculated value. No other accuracy checks were performed.
Vertical accuracy for dune morphology (dune crest and toe elevation) data is dependent on the positional accuracy of the lidar data. Estimated accuracy of lidar surveys are +/- 15 centimeters. However, vertical accuracies may vary based on the type of terrain (for example, inaccuracies may increase as slope increases or with the presence of extremely dense vegetation), the accuracy of the global positioning system (GPS), and aircraft-attitude measurements.</vertaccr>
      </vertacc>
    </posacc>
    <lineage>
      <srcinfo>
        <srccite>
          <citeinfo>
            <origin>National Hurricane Center, National Oceanic and Atmospheric Administration</origin>
            <pubdate>20180913</pubdate>
            <title>Probabilistic Hurricane Storm Surge</title>
            <onlink>https://slosh.nws.noaa.gov/psurge2.0/index.php</onlink>
          </citeinfo>
        </srccite>
        <typesrc>Online digital data</typesrc>
        <srctime>
          <timeinfo>
            <sngdate>
              <caldate>20180913</caldate>
            </sngdate>
          </timeinfo>
          <srccurr>The date when web page was last modified.</srccurr>
        </srctime>
        <srccitea>Psurge</srccitea>
        <srccontr>Data provides water levels that have a 1 in 10 chance of being exceeded during the next 3 days.</srccontr>
      </srcinfo>
      <srcinfo>
        <srccite>
          <citeinfo>
            <origin>NOAA National Weather Service Environmental Modeling Center</origin>
            <pubdate>20180913</pubdate>
            <title>NOAA Wavewatch III</title>
            <onlink>https://polar.ncep.noaa.gov/waves</onlink>
          </citeinfo>
        </srccite>
        <typesrc>Online digital data</typesrc>
        <srctime>
          <timeinfo>
            <sngdate>
              <caldate>20180913</caldate>
            </sngdate>
          </timeinfo>
          <srccurr>The date when the model was run.</srccurr>
        </srctime>
        <srccitea>WW3</srccitea>
        <srccontr>Model that was used to estimate wave setup and runup conditions for Hurricane Florence.</srccontr>
      </srcinfo>
      <srcinfo>
        <srccite>
          <citeinfo>
            <origin>United States Army Corps of Engineers (USACE)</origin>
            <pubdate>20180514</pubdate>
            <title>2016 USACE Post-Matthew Topobathy Lidar: Southeast Coast (VA, NC, SC, GA and FL)</title>
            <othercit>Geographic Coverage: GA, SC, NC, VA</othercit>
            <onlink>https://coast.noaa.gov/dataviewer/#/lidar/search/where:ID=5184</onlink>
          </citeinfo>
        </srccite>
        <typesrc>Online digital data</typesrc>
        <srctime>
          <timeinfo>
            <rngdates>
              <begdate>20161028</begdate>
              <enddate>20161126</enddate>
            </rngdates>
          </timeinfo>
          <srccurr>The date when lidar surveys were collected.</srccurr>
        </srctime>
        <srccitea>USACE Southeast 2016</srccitea>
        <srccontr>A lidar survey that was used to estimate dune morphology variables.</srccontr>
      </srcinfo>
      <srcinfo>
        <srccite>
          <citeinfo>
            <origin>Department of Commerce (DOC), National Oceanic and Atmospheric Administration (NOAA), National Ocean Service (NOS), National Geodetic Survey (NGS), Remote Sensing Division</origin>
            <pubdate>20160523</pubdate>
            <title>2014 NOAA Post Hurricane Sandy Topobathymetric LiDAR Mapping for Shoreline Mapping</title>
            <othercit>Geographic Coverage: SC (Winyah Bay to SC/NC border), NC, VA, MD, DE, NJ, NY</othercit>
            <onlink>https://coast.noaa.gov/htdata/lidar1_z/geoid12b/data/4800/</onlink>
          </citeinfo>
        </srccite>
        <typesrc>Online digital data</typesrc>
        <srctime>
          <timeinfo>
            <rngdates>
              <begdate>20140108</begdate>
              <enddate>20140727</enddate>
            </rngdates>
          </timeinfo>
          <srccurr>The date when lidar surveys were collected.</srccurr>
        </srctime>
        <srccitea>NOAA 2014 MD-NY</srccitea>
        <srccontr>A lidar survey that was used to estimate dune morphology variables.</srccontr>
      </srcinfo>
      <procstep>
        <procdesc>Process_Description: For dune morphology data: Elevation data from lidar surveys were interpolated in MATLAB (version 2017a) to a gridded domain that was rotated parallel to the shoreline and had a resolution of 10 m in the longshore direction and 2.5 m in the cross-shore direction. The interpolation method applied spatial filtering with a Hanning window that was twice as wide as the grid resolution. Dune morphology data were extracted from the elevation grid in MATLAB. Dune morphology data were then summarized to 1 km sections. Sections with greater than 75 percent of data missing were flagged with the invalid number of -999. The 1-km smoothed dune crest (DHIGH), toe (DLOW) and root mean square (RMS) error for each (DHIrms and DLOrms) were written to line shapefiles using MATLAB's shapewrite.m script.</procdesc>
        <srcused>USACE Southeast 2016</srcused>
        <srcused>NOAA 2014 MD-NY</srcused>
        <procdate>2018</procdate>
        <srcprod>Dune morphology (DHIGH, DLOW, DHIrms, DLOrms)</srcprod>
        <proccont>
          <cntinfo>
            <cntorgp>
              <cntorg>U.S. Geological Survey</cntorg>
              <cntper>Justin J. Birchler</cntper>
            </cntorgp>
            <cntaddr>
              <addrtype>mailing and physical</addrtype>
              <address>600 4th Street South</address>
              <city>Saint Petersburg</city>
              <state>FL</state>
              <postal>33701</postal>
              <country>UNITED STATES</country>
            </cntaddr>
            <cntvoice>727-502-8019</cntvoice>
            <cntfax>727-502-8182</cntfax>
            <cntemail>jbirchler@usgs.gov</cntemail>
          </cntinfo>
        </proccont>
      </procstep>
      <procstep>
        <procdesc>For hydrodynamic data: Water level was computed in MATLAB by adding storm surge from NOAA’s Probabilistic Tropical Storm Surge (P- Surge) model (https://slosh.nws.noaa.gov/psurge2.0/) to wave setup and runup. The wave height and period used for calculating wave runup and setup came from the Wavewatch III model. Hydrodynamic parameters were calculated in MATLAB and exported into ArcGIS shapefile format.
For details on modeling parameterization, see:
Stockdon, H.F., Doran, K.J., Thompson, D.M., Sopkin, K.L., Plant, N.G., and Sallenger, A.H., 2012, National assessment of hurricane-induced coastal erosion hazards: Gulf of Mexico: U.S. Geological Survey Open-File Report 2012-1084, 51 p. https://doi.org/10.3133/ofr20121084</procdesc>
        <srcused>Psurge</srcused>
        <srcused>WW3</srcused>
        <procdate>20180913</procdate>
        <srcprod>Hydrodynamics (SURGE, SETUP, RUNUP)</srcprod>
        <proccont>
          <cntinfo>
            <cntorgp>
              <cntorg>U.S. Geological Survey</cntorg>
              <cntper>Justin J. Birchler</cntper>
            </cntorgp>
            <cntaddr>
              <addrtype>mailing and physical</addrtype>
              <address>600 4th Street South</address>
              <city>Saint Petersburg</city>
              <state>FL</state>
              <postal>33701</postal>
              <country>UNITED STATES</country>
            </cntaddr>
            <cntvoice>727-502-8019</cntvoice>
            <cntfax>727-502-8182</cntfax>
            <cntemail>jbirchler@usgs.gov</cntemail>
          </cntinfo>
        </proccont>
      </procstep>
      <procstep>
        <procdesc>Probabilities of coastal erosion hazards were based on estimating the likelihood that the beach system would experience erosion and deposition patterns consistent with collision (PCOL), overwash (POVW), or inundation (PIND) regimes. The regimes were calculated by using values of dune morphology and mean and extreme water levels for each 1 km section, such that the probability of collision (PCOL) occurs when extreme water levels reach the dune toe; overwash (POVW) when extreme water levels reach the dune crest; and inundation (PIND) when mean water levels reach the dune crest. Probabilities were calculated in MATLAB and exported using MATLAB's shapewrite.m script.
For details on modeling parameterization, see:
Stockdon, H.F., Doran, K.J., Thompson, D.M., Sopkin, K.L., Plant, N.G., and Sallenger, A.H., 2012, National assessment of hurricane-induced coastal erosion hazards: Gulf of Mexico: U.S. Geological Survey Open-File Report 2012-1084, 51 p. https://doi.org/10.3133/ofr20121084</procdesc>
        <srcused>Dune morphology</srcused>
        <srcused>Hydrodynamics</srcused>
        <procdate>20180913</procdate>
        <srcprod>Probabilities (PCOL, POVW, PIND)</srcprod>
        <proccont>
          <cntinfo>
            <cntorgp>
              <cntorg>U.S. Geological Survey</cntorg>
              <cntper>Justin J. Birchler</cntper>
            </cntorgp>
            <cntaddr>
              <addrtype>mailing and physical</addrtype>
              <address>600 4th Street South</address>
              <city>Saint Petersburg</city>
              <state>FL</state>
              <postal>33701</postal>
              <country>UNITED STATES</country>
            </cntaddr>
            <cntvoice>727-502-8019</cntvoice>
            <cntfax>727-502-8182</cntfax>
            <cntemail>jbirchler@usgs.gov</cntemail>
          </cntinfo>
        </proccont>
      </procstep>
    </lineage>
  </dataqual>
  <spdoinfo>
    <direct>Vector</direct>
    <ptvctinf>
      <sdtsterm>
        <sdtstype>String</sdtstype>
        <ptvctcnt>1809</ptvctcnt>
      </sdtsterm>
    </ptvctinf>
  </spdoinfo>
  <spref>
    <horizsys>
      <geograph>
        <latres>8.9831528411952133e-009</latres>
        <longres>8.9831528411952133e-009</longres>
        <geogunit>Decimal Degrees</geogunit>
      </geograph>
      <geodetic>
        <horizdn>D_WGS_1984</horizdn>
        <ellips>WGS_1984</ellips>
        <semiaxis>6378137.0</semiaxis>
        <denflat>298.257223563</denflat>
      </geodetic>
    </horizsys>
  </spref>
  <eainfo>
    <detailed>
      <enttyp>
        <enttypl>Florence_PCOI_line</enttypl>
        <enttypd>Probabilities of hurricane-induced coastal erosion, dune morphology, and hurricane hydrodynamic data</enttypd>
        <enttypds>USGS</enttypds>
      </enttyp>
      <attr>
        <attrlabl>FID</attrlabl>
        <attrdef>Internal feature number.</attrdef>
        <attrdefs>Esri</attrdefs>
        <attrdomv>
          <udom>Sequential unique whole numbers that are automatically generated.</udom>
        </attrdomv>
      </attr>
      <attr>
        <attrlabl>Shape</attrlabl>
        <attrdef>Feature geometry.</attrdef>
        <attrdefs>Esri</attrdefs>
        <attrdomv>
          <udom>Coordinates defining the features.</udom>
        </attrdomv>
      </attr>
      <attr>
        <attrlabl>DHIGH</attrlabl>
        <attrdef>Elevation of dune crest, in meters, using the North American Vertical Datum of 1988 (NAVD88). Extracted from lidar surveys collected from January 2014 to November 2016.</attrdef>
        <attrdefs>USGS</attrdefs>
        <attrdomv>
          <rdom>
            <rdommin>1.176346</rdommin>
            <rdommax>17.436601</rdommax>
            <attrunit>meters NAVD88</attrunit>
          </rdom>
        </attrdomv>
        <attrdomv>
          <edom>
            <edomv>-999</edomv>
            <edomvd>Null value</edomvd>
            <edomvds>USGS</edomvds>
          </edom>
        </attrdomv>
      </attr>
      <attr>
        <attrlabl>DLOW</attrlabl>
        <attrdef>Elevation of the dune toe, in meters NAVD88. Extracted from lidar surveys collected January 2014 to November 2016.</attrdef>
        <attrdefs>USGS</attrdefs>
        <attrdomv>
          <rdom>
            <rdommin>1.043658</rdommin>
            <rdommax>4.241419</rdommax>
            <attrunit>meters NAVD88</attrunit>
          </rdom>
        </attrdomv>
        <attrdomv>
          <edom>
            <edomv>-999</edomv>
            <edomvd>Null value</edomvd>
            <edomvds>USGS</edomvds>
          </edom>
        </attrdomv>
      </attr>
      <attr>
        <attrlabl>DHIrms</attrlabl>
        <attrdef>Root mean squared error of dune crest elevation measurements (square meters).</attrdef>
        <attrdefs>USGS</attrdefs>
        <attrdomv>
          <rdom>
            <rdommin>0.193305</rdommin>
            <rdommax>2.565949</rdommax>
            <attrunit>square meters</attrunit>
          </rdom>
        </attrdomv>
        <attrdomv>
          <edom>
            <edomv>-999</edomv>
            <edomvd>Null value</edomvd>
            <edomvds>USGS</edomvds>
          </edom>
        </attrdomv>
      </attr>
      <attr>
        <attrlabl>DLOrms</attrlabl>
        <attrdef>Root mean square error of dune toe elevation measurements (square meters).</attrdef>
        <attrdefs>USGS</attrdefs>
        <attrdomv>
          <rdom>
            <rdommin>0</rdommin>
            <rdommax>1.064942</rdommax>
            <attrunit>square meters</attrunit>
          </rdom>
        </attrdomv>
        <attrdomv>
          <edom>
            <edomv>-999</edomv>
            <edomvd>Null value</edomvd>
            <edomvds>USGS</edomvds>
          </edom>
        </attrdomv>
      </attr>
      <attr>
        <attrlabl>SURGE</attrlabl>
        <attrdef>Storm surge water level</attrdef>
        <attrdefs>NOAA</attrdefs>
        <attrdomv>
          <rdom>
            <rdommin>0</rdommin>
            <rdommax>2.703896</rdommax>
            <attrunit>meters NAVD88</attrunit>
          </rdom>
        </attrdomv>
      </attr>
      <attr>
        <attrlabl>RUNUP</attrlabl>
        <attrdef>Wave runup water level</attrdef>
        <attrdefs>USGS</attrdefs>
        <attrdomv>
          <rdom>
            <rdommin>0.811993</rdommin>
            <rdommax>4.868028</rdommax>
            <attrunit>meters NAVD88</attrunit>
          </rdom>
        </attrdomv>
        <attrdomv>
          <edom>
            <edomv>-999</edomv>
            <edomvd>Null value</edomvd>
            <edomvds>USGS</edomvds>
          </edom>
        </attrdomv>
      </attr>
      <attr>
        <attrlabl>SETUP</attrlabl>
        <attrdef>Wave setup water level</attrdef>
        <attrdefs>USGS</attrdefs>
        <attrdomv>
          <rdom>
            <rdommin>0.058725</rdommin>
            <rdommax>1.90243</rdommax>
            <attrunit>meters NAVD88</attrunit>
          </rdom>
        </attrdomv>
        <attrdomv>
          <edom>
            <edomv>-999</edomv>
            <edomvd>Null value</edomvd>
            <edomvds>USGS</edomvds>
          </edom>
        </attrdomv>
      </attr>
      <attr>
        <attrlabl>PCOL</attrlabl>
        <attrdef>Probability of collision</attrdef>
        <attrdefs>USGS</attrdefs>
        <attrdomv>
          <rdom>
            <rdommin>0.642086</rdommin>
            <rdommax>99.999949</rdommax>
            <attrunit>percent</attrunit>
          </rdom>
        </attrdomv>
        <attrdomv>
          <edom>
            <edomv>-999</edomv>
            <edomvd>Null value</edomvd>
            <edomvds>USGS</edomvds>
          </edom>
        </attrdomv>
      </attr>
      <attr>
        <attrlabl>POVW</attrlabl>
        <attrdef>Probability of overwash</attrdef>
        <attrdefs>USGS</attrdefs>
        <attrdomv>
          <rdom>
            <rdommin>0</rdommin>
            <rdommax>99.993676</rdommax>
            <attrunit>percent</attrunit>
          </rdom>
        </attrdomv>
        <attrdomv>
          <edom>
            <edomv>-999</edomv>
            <edomvd>Null value</edomvd>
            <edomvds>USGS</edomvds>
          </edom>
        </attrdomv>
      </attr>
      <attr>
        <attrlabl>PIND</attrlabl>
        <attrdef>Probability of inundation</attrdef>
        <attrdefs>USGS</attrdefs>
        <attrdomv>
          <rdom>
            <rdommin>0</rdommin>
            <rdommax>99.274229</rdommax>
            <attrunit>percent</attrunit>
          </rdom>
        </attrdomv>
        <attrdomv>
          <edom>
            <edomv>-999</edomv>
            <edomvd>Null value</edomvd>
            <edomvds>USGS</edomvds>
          </edom>
        </attrdomv>
      </attr>
      <attr>
        <attrlabl>MEAN</attrlabl>
        <attrdef>Mean water level (surge + setup)</attrdef>
        <attrdefs>USGS</attrdefs>
        <attrdomv>
          <rdom>
            <rdommin>0.748466</rdommin>
            <rdommax>4.251126</rdommax>
            <attrunit>meters NAVD88</attrunit>
          </rdom>
        </attrdomv>
        <attrdomv>
          <edom>
            <edomv>-999</edomv>
            <edomvd>Null value</edomvd>
            <edomvds>USGS</edomvds>
          </edom>
        </attrdomv>
      </attr>
      <attr>
        <attrlabl>EXTREME</attrlabl>
        <attrdef>Extreme water level (surge + runup).</attrdef>
        <attrdefs>USGS</attrdefs>
        <attrdomv>
          <rdom>
            <rdommin>1.490571</rdommin>
            <rdommax>6.589936</rdommax>
            <attrunit>meters NAVD88</attrunit>
          </rdom>
        </attrdomv>
        <attrdomv>
          <edom>
            <edomv>-999</edomv>
            <edomvd>Null value</edomvd>
            <edomvds>USGS</edomvds>
          </edom>
        </attrdomv>
      </attr>
      <attr>
        <attrlabl>TIDE</attrlabl>
        <attrdef>Predicted tide water level</attrdef>
        <attrdefs>USGS</attrdefs>
        <attrdomv>
          <rdom>
            <rdommin>0</rdommin>
            <rdommax>0</rdommax>
            <attrunit>meters NAVD88</attrunit>
          </rdom>
        </attrdomv>
      </attr>
    </detailed>
  </eainfo>
  <distinfo>
    <distrib>
      <cntinfo>
        <cntorgp>
          <cntorg>U.S. Geological Survey</cntorg>
          <cntper>Justin J. Birchler</cntper>
        </cntorgp>
        <cntaddr>
          <addrtype>mailing and physical</addrtype>
          <address>600 4th Street South</address>
          <city>Saint Petersburg</city>
          <state>FL</state>
          <postal>33701</postal>
        </cntaddr>
        <cntvoice>727-502-8019</cntvoice>
        <cntfax>727-502-8182</cntfax>
        <cntemail>jbirchler@usgs.gov</cntemail>
      </cntinfo>
    </distrib>
    <distliab>Although these data have been processed successfully on a computer system at the USGS, no warranty expressed or implied is made regarding the display or utility of the data on any other system, or for general or scientific purposes, nor shall the act of distribution constitute any such warranty. The USGS shall not be held liable for improper or incorrect use of the data described and/or contained herein. Any use of trade, firm, or product names is for descriptive purposes only and does not imply endorsement by the U.S. Government.</distliab>
    <stdorder>
      <digform>
        <digtinfo>
          <formname>shapefile</formname>
          <filedec>zip</filedec>
        </digtinfo>
        <digtopt>
          <onlinopt>
            <computer>
              <networka>
                <networkr>https://coastal.er.usgs.gov/data-release/doi-P9Z362BC/data/Florence_2018.zip</networkr>
              </networka>
            </computer>
          </onlinopt>
        </digtopt>
      </digform>
      <fees>None, if obtained online.</fees>
    </stdorder>
  </distinfo>
  <metainfo>
    <metd>20190927</metd>
    <metc>
      <cntinfo>
        <cntorgp>
          <cntorg>U.S. Geological Survey</cntorg>
          <cntper>Justin J. Birchler</cntper>
        </cntorgp>
        <cntaddr>
          <addrtype>mailing and physical</addrtype>
          <address>600 4th Street South</address>
          <city>Saint Petersburg</city>
          <state>FL</state>
          <postal>33701</postal>
          <country>UNITED STATES</country>
        </cntaddr>
        <cntvoice>727-502-8019</cntvoice>
        <cntfax>727-502-8182</cntfax>
        <cntemail>jbirchler@usgs.gov</cntemail>
      </cntinfo>
    </metc>
    <metstdn>Content Standard for Digital Geospatial Metadata</metstdn>
    <metstdv>FGDC-STD-001-1998</metstdv>
    <mettc>local time</mettc>
  </metainfo>
</metadata>
