Lat,Long,WashPred
29.6836233292739,-85.2507287213843,1
29.7368801400979,-84.7247495059471,1
29.9997364281003,-85.5301514725151,1
30.2305435124578,-87.996899226315,1
29.7308043689018,-84.7303052898189,1
29.7464823881015,-85.392824744743,1
30.0358991154522,-85.5758542976238,1
30.3222327766018,-87.3334803001909,1
30.3126646783902,-87.3624484059029,1
29.5993080680201,-85.0081974478872,1
30.2680848026782,-85.9860183554704,1
29.9789127302451,-85.50392852167,1
29.6047812095242,-84.9914817921125,1
29.6873322807171,-85.2607612703463,1
30.0307846555571,-85.5692176565806,1
30.2333034708706,-87.9696788660069,1
29.774968834656700,-85.4027585837827,1
30.3160569735929,-87.3532438246662,1
30.145893120194900,-85.749610856923,1
29.6882106943949,-84.7885175222984,1
29.5962026599948,-85.016168661938,1
30.1345166030314,-85.7379700476977,1
30.1395888581226,-85.7443341529734,1
30.1295543017668,-85.73160459936,1
30.1421882133699,-85.6264479920367,1
29.613198998187900,-84.9676601630487,1
30.2293302317465,-88.0054528015352,1
30.1187692634372,-85.7203697759745,1
29.7547012844264,-85.3924972466897,1
29.9735878474444,-85.4977145633801,1
30.1055602503084,-85.7009270244591,1
29.6905872388546,-85.3688226429344,1
30.08935040517,-85.6725689815812,1
29.6160974508376,-84.9600911834814,1
30.189560101993,-85.8246361977675,1
29.6096866348531,-84.9752432595454,1
29.734493766503,-84.9568709989352,1
30.0100485377951,-85.5429625981439,1
29.7394589509718,-85.3897758144047,1
30.3174930033233,-87.3434672505058,1
30.2318141031294,-87.8037104827799,1
29.6867576358613,-85.3623419205601,1
30.2716112998874,-85.9946464702501,1
30.0849274520826,-85.5767068109236,1
29.602028387335000,-84.9999372710238,1
30.086302637131100,-85.6649261266487,1
30.1157140876368,-85.7133032432375,1
30.1026706440517,-85.6927506648497,1
29.7286047807228,-84.964472926264,1
30.3953150931271,-86.5974584460959,1
29.6806561887019,-84.8135317613632,1
29.6796563169541,-85.2333295136305,1
30.1767579515449,-85.8029785207598,1
29.6839883166664,-84.8053529069721,1
30.2332403305526,-87.7868662497998,1
29.6058817813786,-84.9827604716565,1
30.1685603128446,-85.7882486815099,1
29.9840810761074,-85.5107726120385,1
29.7210325375122,-84.744377659294,1
30.0832205118466,-85.6575159278976,1
30.0982393154472,-85.6041167346053,1
30.3706405588161,-86.9266663590591,1
30.3576686834323,-87.0006966257892,1
30.3643419767293,-86.9613363230955,1
30.2316548860836,-87.9878376654836,1
29.967356967621,-85.493289590111,1
30.1809058371503,-85.8102809331331,1
30.2285763690573,-88.01386343743250,1
30.2319681812714,-87.9790595728026,1
30.3668964923213,-86.9527543976959,1
30.0255145458297,-85.5629174811169,1
30.064442819597,-85.6193834314460,1
30.0149646266303,-85.5497208594596,1
30.3878290393641,-85.6916056900863,1
30.2318470406945,-87.9613235214497,1
29.6047814042074,-85.0604089512862,1
29.7616432909348,-85.3966001502167,1
29.6937771929579,-84.7735697530498,1
29.7315446227106,-85.3904391376629,1
29.5950597398405,-85.0249322804888,1
30.3805233941606,-86.86376637762,1
30.0932340052782,-85.6795299140437,1
29.7051676418361,-84.7632989305786,1
30.3823233322202,-86.8454530962415,1
30.0200252677381,-85.5324551207612,1
30.3686813393244,-86.9440757533166,1
29.9508614270756,-85.421030787318,1
30.05380382038,-85.5814466966782,1
30.0982928962724,-85.6856070760225,1
30.0693953183283,-85.6262378349585,1
30.0878660796066,-85.5843148922843,1
29.677973918849,-84.8223432925902,1
30.1938287931294,-85.8322906471287,1
29.7815727086462,-85.4044865294852,1
30.0755069357995,-85.6424860256252,1
30.3696179880554,-86.9351715649898,1
30.2326782868504,-87.7951377229754,1
30.3160053512045,-85.6365469767493,1
29.6381026562254,-85.1374671575136,1
30.2233671267597,-85.8853624453238,1
30.0051585051315,-85.5363674075642,1
30.2506669264231,-87.6554197231584,1
29.6744220772634,-84.8303576927084,1
30.0719813465982,-85.6349431131586,1
29.8624143444538,-85.3375929644696,1
30.3786354223966,-86.8722860278526,1
29.9626739076849,-85.4889467673346,1
30.3101794532821,-87.3715800722183,1
30.1524329274166,-85.75605067869910,1
30.2186883537996,-85.6834010807463,1
30.1823449797577,-85.644839533508,1
29.6776638532295,-85.2026108043816,1
30.190228229061,-85.7318232151272,1
29.68617809039,-84.7970753249547,1
30.1857246394228,-85.7240750439564,1
30.1766529226726,-85.7573122693244,1
30.0401614491369,-85.5833499251673,1
30.392455078807,-86.5710499644871,1
30.0211522968382,-85.5555248795343,1
30.3773333624228,-86.8810059152793,1
30.0830360869239,-85.4877400808885,1
30.3042520558985,-86.081046510235,1
30.0604605259604,-85.6115723647878,1
30.3080662050274,-87.3808387970864,1
29.7163462519997,-84.752446477355,1
29.9525492544252,-85.4330684588092,1
29.7262330901936,-84.73742196581,1
30.3549566608931,-87.0098339488362,1
30.172905792717500,-85.7954978233557,1
29.6908801504270,-84.780330785724,1
30.2341962480675,-87.7782221353056,1
30.248164250637,-87.6714395144384,1
30.3750593018753,-86.8962682756602,1
29.709901674018,-84.7576694588485,1
30.3309066652697,-87.14307109826500,1
29.7881999292865,-85.4069543533329,1
30.3239709764956,-87.188259491491,1
30.3810517234868,-86.8544656939488,1
30.3933856489933,-86.5799320061539,1
30.3917820884333,-86.5619121097422,1
30.390347482888500,-86.5532120160286,1
30.1325904501146,-85.6698545483448,1
29.6811816374562,-85.2422749203619,1
29.7359266191898,-84.9274839549456,1
30.3580877589819,-86.9909280438641,1
30.2113309317438,-85.8621454172015,1
30.2194804076951,-85.6880454127983,1
29.9231854984771,-85.3788070441549,1
30.1432284606143,-85.4925046168198,1
29.699679542842,-84.7690705187475,1
29.7951262786797,-85.4083130844586,1
30.2490901719622,-87.6632940289919,1
29.664061228267,-84.8666047560301,1
29.9824185506166,-85.4472122184791,1
29.7685089095345,-85.3994963007274,1
30.1552141746395,-85.7658027514211,1
30.1916599314215,-85.7365912237291,1
30.3620271540478,-86.9692429983801,1
29.9648002526802,-85.4703802877063,1
30.2361641970585,-85.9091121413296,1
29.9945596217657,-85.5236697088875,1
30.0797829656988,-85.6497913548567,1
30.016278629931,-85.4233457498818,1
30.299664391633,-86.0726356564245,1
29.8084001335334,-85.4118442889614,1
30.1111016299505,-85.7064681474554,1
30.1875338049941,-85.7286566794814,1
29.9968995554807,-85.4794452471902,1
29.6595134629291,-84.8748964286974,1
30.3527740097637,-87.0191337683222,1
30.0499705103722,-85.596808169632,1
30.1709086548809,-85.7011530460293,1
30.2346057817816,-85.8578734593717,1
29.6846528060872,-85.3530231043371,1
29.8014843207892,-85.4109814790866,1
29.6780728262828,-85.2243173347095,1
30.3979479477641,-86.6265074259305,1
30.1644722890276,-85.6285021360131,1
29.9113851203806,-85.3629926062013,1
29.8690540274792,-85.3413294291401,1
29.6142150678849,-85.0809155589093,1
29.8566097177762,-85.2804721622816,1
30.2309442111405,-87.812271072561,1
30.3893488769872,-86.79083639757640,1
30.4372152598489,-85.6739931928056,1
29.9782470017447,-85.4410992457427,1
29.7259149067264,-84.9724273275749,1
30.2150373266386,-85.8702406174912,1
30.3360899322527,-86.1870380371126,1
30.198220461333,-85.8392142436575,1
30.3715352108106,-86.9126165207584,1
30.016165874976,-85.4316500117369,1
30.0423560770782,-85.3949271058455,1
30.3906444182786,-86.7638366782792,1
30.045269291758,-85.5899944485228,1
30.1481540664746,-85.5549465813333,1
30.2639819623385,-85.977522799986,1
30.392539438893,-86.7551562639260,1
29.9305277758073,-85.3844467981656,1
30.3879705773768,-86.7997753852549,1
30.1219569834014,-85.6510200724430,1
29.9894980869813,-85.5171102052781,1
30.0913483181965,-85.5909635813535,1
29.9600828478034,-85.4825294873322,1
30.2318731840289,-87.9529529137566,1
30.3835384838292,-86.836421480371,1
30.2303642342473,-85.9016581493666,1
29.6671100290319,-84.8566568630144,1
29.8296671476039,-85.4162279728381,1
30.439713145887600,-85.6923199687825,1
30.3357382051888,-87.1160126004895,1
30.1402979442318,-85.6228336097383,1
29.6778076657144,-85.2150641925211,1
30.3326643236725,-87.1340129521372,1
29.9156403921115,-85.3728327324817,0
30.3051884626397,-87.389856447613,0
29.6191563671205,-85.0630596080904,0
29.7341389868693,-84.936034807591,0
29.6979725353972,-85.377889846856,0
29.8154697111133,-85.4131746993505,0
30.323367030968,-87.3216527983791,0
29.6396514182375,-84.9139560801891,0
30.2074912261901,-85.8537391914396,0
30.2024622298981,-85.8463990782921,0
30.0546840543319,-85.6044418592432,0
30.1893342292925,-85.6424757706248,0
29.6724013867463,-84.8384206368209,0
30.2324226286088,-85.853834603009,0
30.1440926242784,-85.6235748581225,0
30.3751114082066,-86.3475541278761,0
30.395974218866,-86.6446004217306,0
30.3895399322327,-86.7815199854518,0
30.1850336627568,-85.8174388802511,0
30.1457321937958,-85.4934552646528,0
30.2267113812964,-85.89365228222,0
30.2348805412314,-87.7697078082842,0
29.7543491844522,-85.3011302004995,0
30.3245894678372,-87.1792633046970,0
30.297870186703,-87.4170154653155,0
29.9595475489654,-85.4631995465621,0
30.3301695518002,-86.1692650660906,0
30.1162736083188,-85.5989658687099,0
30.2555095863224,-87.6315213379609,0
30.3253996356467,-85.6452341546673,0
30.2354386186263,-87.7615994651894,0
30.3737458027958,-86.9048720455738,0
29.9345914424093,-85.3945568781691,0
29.9579350621837,-85.4757294554789,0
30.3895555678781,-86.7724724949031,0
29.6696141793115,-85.3471777851458,0
30.3330526476259,-86.1779264894114,0
29.6876970845179,-85.3003401666675,0
30.1412297002478,-85.4816927869253,0
30.3943327067579,-86.5887433905146,0
30.0757239428613,-85.5908520670909,0
30.219026419625,-85.8779222564262,0
30.1740642965981,-85.7523638794101,0
30.3972657415506,-86.7004940071032,0
30.1742070050881,-85.6652979518888,0
30.3006335276376,-87.4080354107343,0
29.6310366120948,-84.9303344343342,0
30.3027862342415,-87.3987127149686,0
29.6322068271127,-85.1215424667127,0
30.2345164203648,-85.594090717429,0
29.9569244118775,-85.4590492459118,0
30.2564950357006,-85.5291356741558,0
30.0920627419782,-85.4970510226193,0
30.3769837055949,-86.3574349400905,0
30.324774406635300,-86.1518465318872,0
29.6843201789447,-85.3083437384971,0
30.2005554608448,-85.5961626259108,0
30.1823089784013,-85.5550214294204,0
30.2206488056868,-85.6928157256956,0
29.9583638436195,-85.3843313666712,0
30.0682977955394,-85.6068100125128,0
30.0577211146374,-85.5878686265899,0
30.0241465214096,-85.5400009035566,0
30.1718701744686,-85.6608158635214,0
30.2921391288573,-85.6288698401224,0
30.1675009418837,-85.6670914996844,0
30.049080975805,-85.5755035537024,0
29.6756457276788,-85.3496947264117,0
30.3845353530209,-86.8273628644530,0
30.1786128868423,-85.7550290716006,0
30.386404247964,-86.4371043291212,0
29.8573908130594,-85.4105794664596,0
30.3958105082267,-86.6536718704259,0
30.1079449136173,-85.6245315913792,0
30.3867699914109,-86.8089733996304,0
30.1623559466041,-85.771431305671,0
29.9404713444276,-85.4017172001081,0
30.376068290268,-86.3668223195577,0
30.1303440634914,-85.5663576116604,0
30.4313227757529,-85.6765055633027,0
30.2033760192987,-85.6851753007204,0
30.369564067348,-86.3199685377112,0
30.0627371781437,-85.3958998844644,0
29.6947045697827,-85.2221669323311,0
30.0239303456474,-85.4963743398266,0
30.125616233165,-85.6569909187607,0
30.157815189547,-85.4749919705879,0
30.2964649701465,-86.0639268183594,0
29.5979552517438,-85.0546253450749,0
30.1838631810408,-85.6498737749772,0
29.6356034087541,-84.9226364057194,0
30.2536930213469,-87.6400845199237,0
30.313236968294,-85.6330346683637,0
30.388954071566,-86.5444879370084,0
29.6848536967262,-85.3342694208407,0
30.3954965584366,-86.6627434592913,0
30.1906771327314,-85.6466221966886,0
30.3334631728379,-87.1251394550703,0
30.0514602820325,-85.3832976849486,0
30.2320535137417,-87.9361110331661,0
30.3860090065488,-86.8181223207404,0
30.3395002248286,-87.0980916351902,0
29.9551180463005,-85.450577755797,0
30.2116632081552,-85.6883096133242,0
29.6169528532135,-85.0886411103662,0
30.1236780307993,-85.7264024776437,0
30.0161211659864,-85.5250412863962,0
30.1933135498984,-85.7414809924079,0
30.3085382349572,-86.099518863673,0
29.9675856423873,-85.4776274972753,0
30.3375955130859,-87.107217041791,0
30.2606414783666,-85.9686083088858,0
30.1742300745707,-85.7459318957261,0
30.3274529263903,-87.16095513257490,0
29.7346829646005,-84.9185623486849,0
30.3957680234875,-86.7099713423477,0
29.8831817286497,-85.348594340683,0
30.0647569078596,-85.4676643009870,0
29.8908739785786,-85.3136861498439,0
29.8226639912741,-85.4149043165735,0
30.3222047993122,-86.1431313138258,0
30.0514555867155,-85.4080285581620,0
30.3715195976876,-86.3292585870143,0
30.2316118087126,-87.9447616352821,0
30.0622425276457,-85.5935072184214,0
30.3515925863642,-86.2401334081084,0
29.7246488907663,-85.3890486357784,0
30.159944859521400,-85.7288586882237,0
29.7379259607216,-84.9092507111770,0
30.0362085855041,-85.5287962071916,0
30.3505839756132,-87.0278985566692,0
30.1635743813348,-85.5604293141143,0
29.6433594632932,-84.9058679968325,0
30.064868520414800,-85.6002816678413,0
30.4436013979523,-85.6909871207188,0
29.5913861806149,-85.0319872828195,0
30.3178950737942,-87.2146708910506,0
30.0883254107542,-85.6465324846826,0
29.669957174419100,-84.847499979251,0
30.253773039375,-85.5250807452435,0
30.3223980071875,-85.6393013277411,0
30.2393343075444,-85.6823235437164,0
30.230505193062800,-85.6515874930617,0
30.3058724068215,-86.0906422859153,0
30.2667935300775,-85.6045068244265,0
29.9464227083143,-85.4097719976248,0
29.8895218786071,-85.3537427649551,0
30.2913232185635,-86.0463059149017,0
30.3585578644257,-86.9819588064822,0
30.3532350332736,-86.2494799960012,0
30.1634816334857,-85.5507346009112,0
30.3980157872493,-86.6165922873941,0
30.3922698437022,-85.6916553160758,0
29.9383487549402,-85.3605087474625,0
30.3967811511636,-86.6071127382357,0
29.9150777294474,-85.337451569789,0
29.6266190194206,-84.9377018244759,0
30.3486870287645,-87.0367748333428,0
30.1433648959788,-85.6306472947465,0
30.2876816731807,-87.4891248158747,0
29.6195935220617,-84.9522723385741,0
30.3968476105658,-86.6806510597158,0
30.2363975557354,-87.7532522119684,0
29.9537190686235,-85.442101034511,0
30.1644525807534,-85.7808486538192,0
30.2776855392719,-85.5205223333852,0
29.8513832411351,-85.3303973349548,0
30.2747507236562,-85.6190109961761,0
30.265531958985,-85.6951162427317,0
30.2299228048283,-85.6462497877773,0
30.3962881659836,-86.6356534917011,0
29.9778283696379,-85.4322109054169,0
30.3462291843014,-86.2224403045324,0
29.717999083928,-85.11105994235,0
29.6836412836612,-85.2804925559872,0
30.0407725217748,-85.4719272972452,0
30.2496198030107,-85.9436043345404,0
30.2457379604071,-85.9352325794348,0
30.0135092819412,-85.4738235953032,0
30.0286070796523,-85.5093912407436,0
30.3952457881629,-86.6711878390001,0
30.0634954334867,-85.5342550406819,0
30.0802255985101,-85.5710900043527,0
30.2778600826714,-86.0121148737931,0
30.1402229354231,-85.6134664629617,0
29.8640149906594,-85.4070938089158,0
29.7207647335611,-85.0786235592893,0
30.1682524350681,-85.631774280992,0
30.3973517424696,-86.6906653462603,0
29.6956051719138,-85.3127096529991,0
29.8706955995963,-85.4040278168385,0
30.0385512898498,-85.5608890517337,0
30.1876097987244,-85.807947075701,0
30.1445801583934,-85.4977142837772,0
30.3190494112171,-87.2065823366234,0
30.1579179139785,-85.650628595098,0
30.101354879797900,-85.6113872024947,0
30.0197817002585,-85.4906031087549,0
30.3942005141354,-86.7189416846111,0
30.2574081597084,-87.62338484496250,0
30.2722219904722,-87.5441782582679,0
30.159352689542,-85.6157035870674,0
30.3844564990216,-86.42766075301430,0
30.2734296256907,-85.6097514768508,0
30.1381490271428,-85.6194999877004,0
29.7229499123932,-84.9804045170507,0
30.216802213918,-85.5936462280048,0
29.6342725162547,-85.1303728667997,0
30.2423455050994,-85.9268169150198,0
29.6844487272496,-85.2712447724777,0
29.9318346318238,-85.3549539793223,0
30.1664401563474,-85.6618300795473,0
30.181957370536300,-85.559820401503,0
30.1570457082754,-85.6001181240231,0
29.6841964241572,-85.2894037898588,0
30.1620293554362,-85.6530018328514,0
30.3408127961051,-87.079807533616,0
30.0140272747414,-85.3821141903293,0
30.2699228137434,-85.6968990605998,0
30.2017856930931,-85.8318446124115,0
30.1583024295334,-85.4801403017180,0
30.1974304068064,-85.7702740228619,0
29.6910389981541,-85.3754580153825,0
30.178937525099,-85.5542114011726,0
29.8485584593099,-85.2937054025089,0
30.0226957422633,-85.3843025133646,0
29.735899689518600,-84.946160233124,0
29.719082237659,-85.0709785591203,0
29.8646663895438,-85.28490053671,0
30.0158668161731,-85.4470926458609,0
30.3258646107143,-87.17024163764,0
30.176976646204,-85.6750418351969,0
30.3719627789393,-86.338543417999,0
30.1914182157148,-85.6509789994525,0
30.1553244118221,-85.6588895645196,0
30.2081507574627,-85.7280786065138,0
29.8378515336268,-85.3015468724187,0
30.0128873434145,-85.463123262651,0
30.178906326281,-85.6801239816496,0
30.2659115909665,-85.5978723901235,0
30.1572361644322,-85.7244669441307,0
30.3247013269812,-85.6698364713077,0
30.1249988201263,-85.6826584760086,0
30.3291297145724,-87.1524297735682,0
30.1418404466737,-85.6189739515314,0
30.230187595991200,-87.820462843506,0
29.6966327608946,-85.2139509859783,0
29.7614042147937,-85.3010412974349,0
29.9912541141912,-85.4619456334377,0
30.3135684464083,-85.595960417559,0
30.0452508654463,-85.3601026242487,0
29.6849212822378,-85.3125744144802,0
30.2504162633303,-87.647329685539,0
30.298117755783,-85.5943203419163,0
30.074906626288,-85.4916998938621,0
30.3850970654836,-86.5031288430837,0
30.1624462048216,-85.6189638206157,0
29.8960465936021,-85.3579255901006,0
30.0278774685942,-85.5475453755645,0
30.2598863051955,-87.6148960575340,0
30.366449811087700,-86.3113199122062,0
30.3928827455129,-85.68254125586140,0
30.2213440777981,-85.8666165977218,0
30.2672287405635,-85.6995256829996,0
30.2617545039443,-87.6066858802397,0
30.3201719472725,-85.5809072124239,0
29.7026676257731,-85.3146043502625,0
30.2185032580032,-85.5979042144464,0
30.1889427349652,-85.6379544631783,0
30.250174936963800,-85.6287658832298,0
30.2435661598662,-85.6733842116706,0
30.2382466949607,-85.9184779664211,0
30.157353965629700,-85.6627563918973,0
30.3826257480093,-86.4183895936124,0
30.4452762233349,-85.6835477299657,0
30.3345727855488,-85.6605175142947,0
30.1812811880974,-85.6896055367251,0
30.0632922686968,-85.4589154319811,0
30.2163975089809,-85.8223242743604,0
30.1221181783194,-85.5308405794418,0
29.7168602490451,-85.0566959498964,0
30.1552880594735,-85.6470195989673,0
30.2236699328588,-88.0224173637828,0
30.2321486675589,-85.5902732066716,0
30.0946340178358,-85.5976425999538,0
30.191543270267800,-85.6693739001253,0
30.1962957235809,-85.7657824047283,0
29.9262749171749,-85.3489894964077,0
30.3599168875314,-86.9732399492026,0
30.3812857565699,-86.409714734091,0
30.2066883461155,-85.7036154916156,0
29.7136448794879,-85.0209844983358,0
30.2864068339093,-87.4793146119315,0
30.3202700226808,-87.1975414155044,0
30.2323628041555,-85.6564124836973,0
30.35607481864,-86.2681023467965,0
29.9024594145093,-85.3624988385352,0
29.9112353362764,-85.3284942354638,0
30.1944660401070,-85.7469252477431,0
30.1609823933379,-85.5372277087842,0
29.9942576521441,-85.4707044627363,0
30.1260215434358,-85.5148890993304,0
30.3837473921333,-86.4869206739421,0
29.7203911688449,-85.0862264761142,0
29.8761315067198,-85.3445138410846,0
30.0524266606759,-85.4901866977069,0
30.380814018786,-85.6688230753846,0
29.9562886835151,-85.4678659979678,0
30.0625340548612,-85.5272469704809,0
30.1461517980499,-85.4893836620557,0
30.1286498445819,-85.5628919358478,0
30.3114370303486,-86.1080521037567,0
30.3399583558103,-87.0887147001404,0
30.1943110074628,-85.8150082323347,0
30.2706635807859,-85.5145701154253,0
29.7024515111209,-85.1897044659929,0
30.3133055153006,-85.6285926464256,0
30.1641655895052,-85.6575608045005,0
30.1788783273639,-85.7273920512043,0
30.2089428166304,-85.5908797987707,0
30.3858446496101,-86.5113481741092,0
30.3165898905695,-85.625130375733,0
30.2475740408503,-85.555760500829,0
30.2302993679372,-85.5864600780753,0
30.171777147555100,-85.5890297325986,0
30.3168670675931,-87.2239226400005,0
30.1844634566788,-85.7197068776369,0
30.0494540459374,-85.4147126030474,0
30.267486763597900,-85.6704046777373,0
30.3853208159727,-86.4459181604079,0
30.3273883891110,-86.1605634045114,0
30.1831228965045,-85.6377364425004,0
30.2506953279319,-85.6340102989709,0
30.3842063137053,-86.4786970941477,0
30.3881181284568,-86.5361523900962,0
30.1795393127515,-85.7593304966883,0
29.6215782211736,-84.9438197254093,0
30.1593798912335,-85.5139460089073,0
30.2740440453489,-85.614193361176,0
29.6986585266575,-85.2057726895888,0
30.1789027988317,-85.702717939257,0
30.1382250023792,-85.7247598784349,0
30.3871231568733,-86.5278397977753,0
30.1808079092648,-85.7063573855654,0
29.964068364319400,-85.3521484974798,0
30.0431645028464,-85.4275045706144,0
30.0484009772842,-85.4834443411322,0
29.624292770579,-85.1046612004381,0
30.2363179060412,-85.6513048163302,0
30.1598218630648,-85.5000410067752,0
30.2363077345047,-85.5978734617275,0
30.2183404532349,-85.82622344490370,0
30.2933415578459,-86.055314384789,0
30.2419550093376,-85.4772526813401,0
30.204049029227,-85.6898984616152,0
30.3001476941999,-85.5201308462899,0
30.377060937478,-86.3756396180093,0
29.84974186749,-85.2747623234781,0
30.2192161196047,-85.5995824566253,0
29.8832152677157,-85.3131736213818,0
30.0426946838169,-85.4479431182524,0
29.7149825301994,-85.0278218971318,0
30.274605083485,-85.6388944286677,0
30.2718165445412,-87.5533396752037,0
30.3194244416131,-86.13443352006540,0
30.1617663113504,-85.5467405978168,0
29.9749450370548,-85.4239100243145,0
30.3841077438107,-86.4545171533275,0
30.012353553818,-85.5174326168491,0
29.8692421643634,-85.2948450900473,0
30.3384563757946,-86.1956170583474,0
30.1289184887769,-85.6632404705329,0
30.358662084429,-86.2859807393748,0
29.5860063191868,-85.037605231737,0
30.2703055463844,-85.7019947107439,0
29.7160469319118,-85.035544606952,0
30.171553649825,-85.6144017934581,0
29.6507313776618,-84.8908834398595,0
30.1292958212216,-85.5901817034077,0
30.392085456800900,-86.7455185094351,0
30.2085031959226,-85.6512765661856,0
30.1318386508239,-85.6032621833629,0
30.0440785041915,-85.4774661488102,0
30.230079901987,-87.8854182750001,0
29.618422537632,-85.0978166592055,0
30.2958995766855,-87.4253447868745,0
29.8153372726118,-85.3097016398552,0
30.1819303984721,-85.6842628168401,0
29.8360721627841,-85.2839809884247,0
30.2467940414691,-85.5181675740201,0
30.2739485414188,-86.0036304358181,0
30.3283162764614,-85.5860566643928,0
29.6662147218466,-85.3569556987245,0
30.1864437387974,-85.7105215730732,0
29.6285333606558,-85.1129922710938,0
30.1662253319973,-85.7368554371436,0
30.0429646327684,-85.4340970394912,0
30.4352554539012,-85.6960439831888,0
30.3150263324021,-87.2421964449924,0
30.1962329643287,-85.8193782174836,0
30.2743846187176,-85.5180072009366,0
29.9718807175008,-85.4035883845395,0
30.2444021107486,-85.4805682926611,0
30.2839808076689,-86.0293086161409,0
30.279446284334,-85.6417649088606,0
29.7178454146563,-85.0639004347996,0
30.3405971241871,-86.204336833343,0
30.2664772203045,-87.5894631405402,0
30.1290987207743,-85.5676942774936,0
30.1630368737542,-85.7330649654742,0
30.2530393173054,-85.9520250511498,0
30.2066906239529,-85.64730666425,0
29.7280031688492,-85.0962296573509,0
30.154943692315,-85.545529676154,0
30.3801996681978,-86.401123453404,0
30.3934440585918,-86.7279028704426,0
30.4371652908121,-85.683824069075,0
30.2304984913487,-85.5325568134993,0
30.1895143988692,-85.6644329108973,0
29.8453144256756,-85.3247405968403,0
30.0797406235352,-85.4848599924019,0
30.0722070185293,-85.5842704349010,0
30.2567914996348,-85.9602743562718,0
30.1834519853232,-85.5617466864905,0
30.1811062229534,-85.4700641813908,0
29.8962328992736,-85.3202819046754,0
29.982571961239,-85.3835026368486,0
30.3774152689254,-85.6674465499014,0
29.6448811128819,-85.1424494478282,0
29.970899728659,-85.4170792291781,0
30.354683075208,-86.2588294651368,0
30.2700832752474,-87.5621295949096,0
30.2434580281814,-85.6927249266816,0
29.8782437492176,-85.3070499906664,0
30.2126535815716,-85.6928683993986,0
30.1701088231772,-85.6369717504762,0
30.1603420603669,-85.5093125539831,0
30.2370119314575,-87.7447928431304,0
30.2418444231624,-85.6876583083835,0
30.2807163302825,-86.020715509984,0
30.3958461562441,-85.6917016411236,0
30.269720155656,-85.5889400963842,0
30.1600352576385,-85.4953167757714,0
30.1667774123353,-85.7565524443420,0
30.2894918820158,-87.4614339648304,0
29.6910745394049,-85.307222674077,0
30.1874950954028,-85.8018613390223,0
30.1934060829895,-85.674192789532,0
29.7197682125153,-85.1040368331639,0
30.2103780734774,-85.6787827384064,0
30.1709324835715,-85.6705104991101,0
29.8511139847474,-85.4146805372732,0
30.2798700597546,-85.5109041711623,0
30.1830960439919,-85.7831383587353,0
30.2183999120022,-85.678235789571,0
30.29165928901,-85.6244492427881,0
30.184330279178,-85.787801492687,0
30.2737953858766,-85.5237878959201,0
30.046326194808,-85.5675141969182,0
30.164686725175,-85.5273970273683,0
30.2591995052909,-85.5333750502772,0
30.3484626519226,-86.2313998817785,0
30.2235129710027,-85.6556310221887,0
30.1708983572809,-85.7404256390625,0
29.8559606576249,-85.3363070276030,0
29.9361770530351,-85.3925012264009,0
30.161693056201,-85.4899088385259,0
30.196435603434,-85.6855712108893,0
30.1452255524255,-85.5906685267013,0
30.2107548556203,-85.6836544555253,0
30.1905558596435,-85.8117877325641,0
30.2229100331006,-85.682164108845,0
30.3177900011749,-87.3116406053849,0
30.2578219655744,-85.5552990048475,0
30.3965692012749,-85.6827271673573,0
30.0321515834046,-85.5230665348186,0
30.1254676162718,-85.5348112681605,0
30.0273166593196,-85.5022217146911,0
29.7178240794824,-85.3889365120420,0
30.2213101882444,-85.6973605441524,0
30.1657329790903,-85.5819834393984,0
30.2331748552554,-87.9271685077292,0
30.1386314230631,-85.4884185036389,0
29.707348998345,-85.38456123245840,0
30.2058315354457,-85.7231499797941,0
30.239115700514,-85.4721886797035,0
30.1631305977546,-85.5556432598205,0
30.2740518574056,-85.5524202992569,0
30.2992909909567,-85.6410591550456,0
29.7185481706026,-85.3031415124844,0
30.3261405667121,-85.652411590748,0
30.0858773060657,-85.4909070363567,0
29.9646886548014,-85.3829620099519,0
30.2305479173395,-85.8498746350235,0
30.1751323061867,-85.670764744797,0
30.0400579877397,-85.4667337154673,0
30.385295859238,-86.519393004504,0
29.7352748122836,-84.8996069560257,0
30.2351349799437,-85.628073516329,0
30.1688827810120,-85.7612306919669,0
30.0192368730721,-85.3810933919928,0
30.2159219640208,-85.5893388504371,0
29.9573751914439,-85.35334409488900,0
30.2753076808508,-85.6488914469434,0
30.2781807085431,-85.6371496423119,0
30.276620516928,-85.6722755419242,0
29.8423131626101,-85.2697857344421,0
30.0125005912017,-85.3527489618129,0
30.0847124234172,-85.6399486284948,0
30.3038271586426,-85.6240320759796,0
29.7169674079873,-85.1183188818907,0
30.0237697462148,-85.3896486490264,0
30.2319499650641,-85.5431785090562,0
29.656247696076,-84.8839796199348,0
30.0951911124046,-85.4999249797302,0
30.1865026903878,-85.7491599839583,0
30.204015288669600,-85.8354397391954,0
30.0595377533504,-85.4876647810552,0
30.1268200166331,-85.5709061849104,0
30.0624124860709,-85.4910006363826,0
30.2450928508337,-85.5211678594604,0
30.3437741879402,-87.0620400556151,0
30.2194225245074,-85.8628079156944,0
30.4217334670169,-85.6849467707123,0
30.1593908470645,-85.6665865826544,0
30.2499872351927,-85.6024765300695,0
30.3788518559496,-86.392444026912,0
30.3825998595472,-85.6735691126787,0
29.6512336127681,-85.149366116313,0
30.2031466760457,-85.6807114179597,0
30.2380464234983,-85.6775706789172,0
30.2745761393079,-85.6677741762185,0
30.186055475375,-85.7971748637432,0
30.0478197260281,-85.3733187300744,0
30.3123797748057,-85.6422679072825,0
30.0620582925573,-85.5190336050194,0
30.0227625530537,-85.4090029572853,0
30.2841353803571,-87.4986355995366,0
30.342572772935400,-87.0709249374397,0
29.5847980740477,-85.0434662877775,0
30.343528576977,-86.2130023190551,0
30.2869893071089,-86.0379361632673,0
30.1883017242347,-85.7630466237381,0
30.1378375167386,-85.6148735692165,0
30.3315738370469,-85.5574863958484,0
30.383721719205,-86.4709771865011,0
30.0157155449137,-85.4837312766273,0
30.2048728446421,-85.6433831428919,0
30.1818094433119,-85.5315031121126,0
30.1115148374364,-85.630978613383,0
30.1597364382813,-85.6268098405887,0
30.1545652102177,-85.5408140007659,0
30.3286091859525,-85.5728917223094,0
30.3840141590245,-86.4627150754972,0
30.2447183411732,-85.6777249688983,0
29.9023423504569,-85.3251956024742,0
30.2667192569698,-85.5561507080917,0
30.1325004981007,-85.5986582999086,0
30.2693569338897,-85.4760029037856,0
30.1045615649734,-85.6181446010956,0
29.6929234127055,-85.2303956674938,0
30.2481926714823,-85.5863199738101,0
30.1518813750829,-85.7462889616477,0
30.295717809043,-85.5683965990982,0
30.0716205075346,-85.6134875081356,0
30.1660525409414,-85.5415913758346,0
30.1712276875084,-85.6759295172932,0
30.1886055427409,-85.658852752104,0
29.747287185579,-85.3011141041527,0
30.1891079504956,-85.7216187341837,0
30.1820676531952,-85.7110382428242,0
30.0199549775659,-85.4156620267818,0
29.8383771187323,-85.3172467309610,0
29.9594786143494,-85.3891875516694,0
30.0335013190869,-85.4171753453055,0
29.7016441064037,-85.3826052732953,0
29.725513510829,-85.3013595316041,0
30.2419638951584,-85.6691992523572,0
30.2417105807648,-87.712517988179,0
30.1151032171537,-85.6376254369507,0
30.4406025943929,-85.681508676052,0
30.1351601507373,-85.7208229005799,0
30.1300244668114,-85.48884491411,0
30.3617341102245,-86.2942572261613,0
30.2169345199798,-85.859110207556,0
30.1453711297278,-85.7218360653017,0
29.832016025109400,-85.2979115403709,0
30.1926717365547,-85.6556513169371,0
30.4036122421375,-85.6840207867416,0
30.2807673652978,-85.6460730682574,0
30.1185222294585,-85.6443794983608,0
30.1853139815196,-85.630855662746,0
30.1064963116496,-85.6505653468212,0
30.2299492307792,-85.621758005317,0
29.715628853492,-85.0430005551845,0
30.0045035436754,-85.5044610022717,0
30.0086930630975,-85.5097400171019,0
30.4346819448656,-85.6777071460209,0
30.2439021108358,-85.5617361322464,0
30.2391923858251,-87.7290788421364,0
30.1985745181698,-85.823060839443,0
30.1411308240709,-85.7290162672983,0
30.0893405575183,-85.4935079731322,0
30.1639912910951,-85.6390131928582,0
30.3814461889364,-85.6814584174056,0
29.7338465045287,-84.8819012167161,0
30.1898834172951,-85.6125364033145,0
30.2702382157701,-85.5202656348681,0
30.2441211707525,-87.6956298547948,0
30.2173908505823,-85.6611298466186,0
30.209252630697,-85.7467694709204,0
30.228777622464,-85.5628635782786,0
30.2206679103684,-85.8306145793891,0
30.1029599185155,-85.6438691130796,0
30.2118617442786,-85.8147294308653,0
30.3755644210003,-85.6755690736902,0
30.0894576415577,-85.6173616689607,0
30.1847710611302,-85.505540232215,0
30.2078161938044,-85.8442876525878,0
29.7119032326637,-85.1492011893937,0
30.2117415791428,-85.7408193570752,0
30.2286500458488,-87.8522148377557,0
29.706129791105,-85.1734450161412,0
30.2529561931491,-85.5351451351348,0
30.2649473838136,-85.4840810186893,0
30.245575600974,-85.5818127287392,0
30.36561568696,-85.6704359586731,0
30.1569140596369,-85.6128072359783,0
30.0463066089575,-85.4215801959816,0
30.042011825209,-85.4553396437488,0
30.1912582708314,-85.5746433834391,0
29.711373508358,-85.3039413031107,0
29.7402703468113,-85.3012130133308,0
30.1357689247677,-85.63063236928850,0
30.173782199372100,-85.5433605434304,0
30.1840041136797,-85.6698470024296,0
30.228731603509,-85.8779168049979,0
30.206501237528,-85.839319642021,0
30.2290203722629,-87.8607413038583,0
30.2820629778624,-85.6504403480058,0
30.1653505389214,-85.5363228551537,0
30.1478765201896,-85.6278077600963,0
30.210443523909,-85.7342261974897,0
30.2645920337848,-85.6906508917118,0
30.016164320028,-85.439728419359,0
30.0087342438699,-85.3835777834437,0
30.3838511811787,-86.4947846863832,0
29.6765478456922,-85.3301490739959,0
30.2755740674086,-87.5355827952683,0
30.00496953448,-85.3541556838006,0
30.450239257189,-85.6957593633576,0
29.8684416148352,-85.3402406599997,0
30.2691019743224,-85.6195845877008,0
30.1858687809259,-85.7919104227341,0
30.2009978168144,-85.5301588967353,0
30.1558015747014,-85.5594774889003,0
29.7330455135989,-84.8735584623545,0
30.164028110281,-85.6792750798235,0
30.266210363551,-85.6098306272951,0
30.1652173751105,-85.5512785398829,0
30.4414238171236,-85.6750371959439,0
30.0697590315471,-85.552646729614,0
30.3056485591314,-85.6289209735227,0
30.3893835238357,-85.6732222117323,0
30.2010767266662,-85.5253171712144,0
30.1561600832326,-85.5889694289453,0
30.3581249740849,-86.277190523056,0
30.3201589066872,-85.5766532867708,0
29.8226891973527,-85.3114629601484,0
30.2731395378714,-85.6055352225641,0
30.1445154382557,-85.5692059619817,0
30.239875924101,-85.6604681850729,0
30.2134179218815,-85.5954771722378,0
30.1432025984566,-85.4810513178114,0
30.3532226997024,-85.5621419464284,0
30.122421014455,-85.59308805261340,0
30.3156930917915,-87.2331083709993,0
30.3992983992004,-85.6928116559403,0
29.8075939106016,-85.2879856411643,0
29.9763014267466,-85.3830707775083,0
30.3525789221458,-85.6732218860213,0
30.1768427610937,-85.627310429199,0
30.2285689767833,-85.6004618402387,0
30.2929865227517,-85.5640640935348,0
30.1573576863223,-85.6334138770065,0
30.1214868279506,-85.5251984263755,0
30.2565394040570,-85.5422558727053,0
30.3841273314891,-85.6894735686630,0
30.1683731229151,-85.6461164473653,0
30.2907992686628,-85.6827996009698,0
30.1806189250078,-85.5365274176002,0
30.3082961072805,-85.6387252155510,0
30.0152058026286,-85.4545113934752,0
30.205568372855,-85.5780335000956,0
30.263572944739,-85.686227276996,0
30.2281458746689,-85.6175675739329,0
29.7552567193779,-85.2830835944849,0
29.7755354211937,-85.3007498380044,0
30.1613743571765,-85.6353715536167,0
30.1777104406669,-85.6557163358092,0
30.2677991126421,-85.6146387358822,0
29.9207728174237,-85.3430860897214,0
29.9746749368244,-85.461433511356,0
29.8109527181203,-85.2570978633246,0
30.3425833841912,-85.6657333347294,0
30.2307276234361,-87.8937039873846,0
30.1436714294659,-85.586710895945,0
29.6721950346765,-85.3380684941012,0
30.2429997343528,-85.8688152703856,0
30.2956582639426,-85.6241155181993,0
30.4029098675723,-85.6932004926943,0
30.1661128375166,-85.6091054159639,0
30.240506795612,-85.6647531518449,0
29.9708823653795,-85.4848352878299,0
30.2286086939785,-85.5395565805731,0
30.2314802624246,-87.9187888388551,0
30.2141546119402,-85.8186973239507,0
29.7130608378854,-85.0141695546988,0
30.2428172805641,-87.7039885700601,0
30.2689177615993,-87.5707852060859,0
30.2236085611853,-85.62426354922020,0
30.1879380924476,-85.6343517200588,0
30.1808363742395,-85.5508990177257,0
30.2602073849435,-85.6459137939937,0
30.1934606568147,-85.5379494277014,0
30.1646937483459,-85.4792252153750,0
30.1531506414795,-85.4938998009017,0
30.189373193162200,-85.6903981487024,0
30.1295010843604,-85.5610688778911,0
30.1654742285543,-85.5459597951242,0
30.1677066313547,-85.6198938833848,0
29.9427880501294,-85.3682543320297,0
30.2816267597474,-87.5081487777698,0
30.2984279225140,-85.5732348461927,0
30.2231980833437,-85.8706756183444,0
30.2130224690153,-85.5604053876018,0
30.2563242951092,-85.5993484074661,0
30.2042969453525,-85.7175831703941,0
30.2505192565226,-85.6072476365078,0
30.1264947449226,-85.51979385627,0
30.2438764973994,-85.5951967962378,0
29.5853116425727,-85.0491949855593,0
30.1998506053078,-85.5071823847196,0
30.0367689190284,-85.5359732414931,0
30.1734821106311,-85.6408232755002,0
30.1804942759082,-85.7639603837421,0
30.19405369818,-85.6011026899968,0
30.2149403224699,-85.6500496571199,0
30.1870609809409,-85.6093338001585,0
30.2288147325766,-87.8291518721181,0
30.1858500031244,-85.5298778974471,0
30.1834174357204,-85.7151812976721,0
29.7116017696475,-85.3131896267373,0
30.3137285623377,-86.116866017472,0
29.710586301049,-85.1576985031316,0
29.9703396356546,-85.4541230132219,0
30.1371763425495,-85.6349372910121,0
30.2507742707676,-85.6391383969147,0
29.7953503836111,-85.2836946557507,0
30.0254754912815,-85.3943378101228,0
29.981565797209,-85.4769671865761,0
30.0355779165382,-85.3504220053705,0
30.1756105896550,-85.5959252485613,0
30.1259071437475,-85.5744179359266,0
30.0429854748536,-85.4408895148555,0
30.1946782798304,-85.7518736798721,0
30.2257553305604,-85.5360348814441,0
29.8299256217696,-85.3157361001741,0
29.7357852577489,-84.8905631929732,0
29.987025483395,-85.4537436212339,0
30.1527079959593,-85.5173380588135,0
30.2611583423953,-85.5090964617437,0
30.2015408873422,-85.4972902635323,0
30.3074446969219,-85.6819184472711,0
30.2276942543933,-87.8442541296763,0
30.290843636716,-87.4523431482102,0
30.2143769424505,-85.7020672732154,0
30.1593027580093,-85.5925793215004,0
30.285829438096,-85.6636264320932,0
30.1526767540524,-85.6439527307073,0
30.2004297449216,-85.6528600396266,0
30.1869996980705,-85.7539390711505,0
30.1655238415097,-85.6431455283565,0
30.2227540273916,-85.6503043054915,0
29.9530923892676,-85.3844629242667,0
29.7310334380875,-84.8640629175511,0
30.2865529822046,-85.5065275517575,0
30.1598198988048,-85.5185040978493,0
30.1861328571619,-85.654181397937,0
30.1765866843714,-85.6933576873516,0
30.1496784824359,-85.6163567190087,0
29.9427378557522,-85.357020221548,0
29.7328658867785,-85.3007204063101,0
30.4179668887468,-85.6848798580044,0
30.3494467396922,-85.5643886781937,0
30.2865804556206,-87.47036743054,0
30.142189220481,-85.4767158638655,0
29.950303168829,-85.3727254181182,0
30.1799342539407,-85.6602608235676,0
30.1289738826795,-85.5441974862071,0
30.2556759107529,-85.6867718556885,0
30.0091234969882,-85.3687832771493,0
30.2632220527377,-85.5249544958168,0
30.246005087335,-85.4853604620413,0
30.3919761233749,-86.7367246096144,0
30.341262491072,-85.6255399527195,0
30.1717493138105,-85.6807358762063,0
30.1958459631718,-85.7611556516333,0
29.6782451321694,-85.3206842748028,0
30.1281114668614,-85.5437776490524,0
30.1455373522089,-85.6073735023917,0
30.1977672797806,-85.6034912376512,0
29.730869806922700,-85.3288655353934,0
30.172803626366,-85.5080744765982,0
29.9365872253980,-85.3598252228827,0
30.2711971901726,-85.5634034378622,0
30.1481256347107,-85.5595724148579,0
29.7685018591003,-85.3009530824337,0
30.2079191634164,-85.5527410279605,0
30.2628144306859,-85.5919458152273,0
30.3207160910089,-85.6279941852086,0
29.9639676875247,-85.3971047784489,0
30.263583212906,-87.5980069152924,0
30.099458530944,-85.637270125777,0
29.8394197328198,-85.4195872711468,0
30.0683372999946,-85.5781166069313,0
30.2537875467079,-85.5793194509526,0
29.6720567227187,-85.1938543783299,0
29.7489447705249,-85.2532832503949,0
29.8007578783595,-85.2856093574883,0
30.3890578887817,-85.6819295891681,0
30.2032595987469,-85.6281630675956,0
30.245250386455,-87.687183956245,0
29.7826371459176,-85.2994144169481,0
30.2974019491415,-85.6455308669639,0
30.2316459769345,-85.4916291769474,0
30.212557695143,-85.8512448476589,0
30.1744989683214,-85.6067073112043,0
29.6563949211833,-85.1578907466698,0
30.2922244916792,-87.4430776449109,0
30.238594361975,-85.6558543451279,0
30.0675135528776,-85.4719005221276,0
30.2391224104687,-85.5861168993315,0
30.0663504132314,-85.541051497258,0
30.1664713526503,-85.5309163518666,0
30.3039648494476,-85.5219312743205,0
30.1696373830843,-85.656494914679,0
30.1681970256996,-85.5675636666163,0
30.2098783471455,-85.5480985039314,0
29.7157341539557,-85.1257478019057,0
30.1774887772262,-85.7628483709416,0
30.2909040583823,-85.6199909780818,0
30.2182311360557,-85.5672666474503,0
30.2573799056402,-85.6047990222054,0
30.2650576803198,-85.5522606067157,0
30.2830354198065,-85.5136308637817,0
30.154830691318,-85.6088692593627,0
30.2513348560376,-85.6225486008417,0
30.0763969447019,-85.5648714660736,0
29.6604227779473,-85.1674047230862,0
30.1737926437148,-85.6846853105099,0
30.1462326223739,-85.7378639045589,0
30.1298729430831,-85.5560321078135,0
29.7239297798119,-85.3256177187586,0
29.9428881098448,-85.392098407426,0
30.2008689641377,-85.7330187972105,0
30.2829761766179,-85.577373703926,0
30.3743417541013,-85.6655132272364,0
29.8453902153493,-85.4172129114205,0
30.2362861952859,-85.4845074310134,0
30.1764050752512,-85.6220800977801,0
29.645890921425,-84.8977882055082,0
30.2260821317973,-85.5598882458914,0
29.7045307043114,-85.3047757636924,0
29.855327720144,-85.3275139834735,0
30.1458678138192,-85.5544080806315,0
30.1907075966292,-85.5634628502148,0
30.1292019040529,-85.6143729660102,0
30.2031415920979,-85.6340335445932,0
30.1820755426715,-85.6286337988292,0
30.330610438331,-85.6568715228981,0
30.271655994039,-85.6293012949879,0
30.1284834136783,-85.5488366047482,0
30.0024856781244,-85.495708982407,0
30.2579079049754,-85.6955321143183,0
30.1307279723319,-85.606838469609,0
30.1430474724960,-85.534519781596,0
30.3206818394423,-85.5852099114816,0
30.3348846532861,-85.5548099998911,0
30.1658536575608,-85.4695382206494,0
30.1950959326224,-85.6644154778187,0
29.7619785968545,-85.2823918904375,0
30.2766987862863,-85.6772636688008,0
30.1920355650318,-85.7007003115729,0
30.1355547328998,-85.541896561802,0
30.3118995437702,-85.6238071803549,0
30.1232631368878,-85.6206977682045,0
30.1680273377225,-85.6513795410436,0
30.2028064139782,-85.4921846615577,0
30.1775403024081,-85.7229037076147,0
30.4255809580739,-85.6859805491684,0
30.1430921421113,-85.4856101667132,0
29.9842365447201,-85.4851742628029,0
30.1509202411129,-85.600163299413,0
29.7151348886841,-85.0008711715503,0
30.0398929881614,-85.4037080466854,0
30.2688350573825,-85.5599851649393,0
30.2891380910323,-85.5094936113665,0
30.2416665263315,-85.5904246434152,0
30.1489001628088,-85.7116609278141,0
30.3436176017954,-87.0536369501956,0
30.2008184980834,-85.5119452389369,0
30.2809341540851,-85.4961402423558,0
30.2296671083566,-87.8771995161415,0
30.1481764248239,-85.6368660763,0
30.1794095523325,-85.6253263283803,0
30.1759332758216,-85.6510151387851,0
30.0312633574747,-85.4241751618958,0
30.1520054264132,-85.6561096045136,0
29.9537101081047,-85.382505507167,0
30.0307394973428,-85.5159231781953,0
30.1451609335751,-85.5953012918710,0
29.9926818346687,-85.5098831782225,0
30.0408630340935,-85.5507858487796,0
30.2788070992789,-85.5741390210825,0
29.8427996266544,-85.3064699789691,0
30.2156088543089,-85.655893412452,0
30.144039283131,-85.5393449182723,0
30.2666657759782,-85.5284774832252,0
30.2782622036146,-85.5972499768712,0
30.2915486485658,-85.6887092507591,0
30.2296460708689,-87.8687463123452,0
30.2767680076891,-85.570089198258,0
30.02199070744,-85.3512087076781,0
30.3125457976526,-85.5788174019503,0
30.3374952101684,-85.6650118829645,0
30.376935140595,-86.3840247005599,0
30.1635717942935,-85.5000091279078,0
30.1190295085008,-85.5754093074188,0
29.7203431495736,-84.9881438375586,0
30.1787472255832,-85.6333322772274,0
30.1346089324552,-85.4982035661722,0
30.1268078366849,-85.5246699714618,0
30.1896076992212,-85.7771198396657,0
30.3856390419319,-85.673629801746,0
30.3457338873182,-85.5571777299827,0
30.2702260272569,-85.5927563854411,0
30.2245059102657,-85.5473344752105,0
30.2003887881229,-85.5024851647889,0
30.4032630737285,-85.6753978200564,0
30.2294763014432,-85.526582650788,0
30.1403777850074,-85.6989813937511,0
30.2133797092645,-85.6975855876153,0
29.8299874188967,-85.2783878168468,0
30.2513944374529,-85.6478096032068,0
30.1444128161809,-85.5598178315562,0
30.1815229013901,-85.5412166294524,0
30.3108696889386,-85.5288984094142,0
30.433596673066,-85.6855912564022,0
30.2528856090107,-85.6218379924334,0
30.2750278425501,-85.4836807474209,0
29.6633904610128,-85.1765045869429,0
30.1534585264847,-85.4890523051952,0
30.3561097243105,-85.6744905109232,0
30.1724967490264,-85.4719479839561,0
30.1627946921674,-85.6063079928319,0
30.2681793564477,-85.5051123234785,0
29.8037064501741,-85.2534827675242,0
30.4491557367385,-85.6809486678213,0
29.9998621730426,-85.4875453045108,0
30.1252456721289,-85.6015872165623,0
30.1634899119136,-85.5650837798408,0
30.2933392766583,-85.6331070339331,0
30.2504892830974,-85.6118753837527,0
30.3454044786242,-87.0450293280185,0
30.1812676456658,-85.7785839570635,0
30.2222435800442,-85.701759590478,0
30.279645001585,-87.5173345693101,0
30.1213978264756,-85.5177744378458,0
30.2916526809356,-85.6547067803481,0
30.0301330728578,-85.4315205619048,0
30.1266587431752,-85.4965090101345,0
29.9984925596424,-85.3539474400983,0
29.8012934769678,-85.2991512565858,0
30.322638224644,-85.631657147549,0
30.3389613460102,-85.5626022419262,0
30.1905539299892,-85.7270372375563,0
30.3790640010704,-85.6913319646019,0
30.200235124872,-85.7010316521825,0
30.19610873889,-85.7170033162211,0
30.316807441709,-86.1257424897625,0
30.2724695675796,-85.6342580237738,0
29.7041725345567,-85.1816106763959,0
30.3281846039914,-85.5816332010656,0
29.8084069330979,-85.306815072161,0
30.1475648710252,-85.6120355269376,0
30.210723772205,-85.5841908973616,0
30.0431919995358,-85.508994015561,0
30.314846064481100,-87.2759052000915,0
30.3063348295444,-85.5944748562672,0
30.2763502035138,-85.488880588239,0
30.1624724304023,-85.5416825129529,0
30.1946036515705,-85.7566587844029,0
30.2796327328833,-85.5601115237007,0
30.0925669999328,-85.6242203021447,0
30.1523464795243,-85.5128629673264,0
30.134303839705,-85.6067243767729,0
30.4308316197053,-85.6945435774918,0
30.2728657964625,-85.6631431214486,0
30.2087270524861,-85.6564043232102,0
30.0780572788495,-85.4945292208042,0
30.2645048335051,-85.6340377684141,0
30.4107556945834,-85.6847511643317,0
30.4241667213159,-85.6782829282143,0
30.245255841828,-87.6797143492826,0
30.2673366798939,-85.5162322488817,0
30.0401002330518,-85.4621458853483,0
30.1321131527926,-85.593942343057,0
30.024405944985,-85.4013007319167,0
30.2039820473629,-85.6096109510617,0
30.0310337247704,-85.3730126106289,0
29.7907650052976,-85.2967870003946,0
29.7144869510027,-85.0077266423305,0
30.2700722435941,-85.6244218487488,0
30.0298617996943,-85.4387930663157,0
30.1613630720103,-85.5221471935048,0
30.1779676758093,-85.6979722452145,0
30.2466669788939,-85.4790748868626,0
30.1834665569363,-85.5636995035165,0
30.2173071770832,-85.6729562976273,0
29.7152914947462,-85.0500645557513,0
30.4099589230991,-85.5358279307437,0
30.2795507733959,-85.5248800819747,0
30.1679337876031,-85.5727999603656,0
30.1396351164972,-85.63842574753,0
30.3285281911716,-85.5676719747081,0
30.1556797194209,-85.749372779574,0
30.1603389337750,-85.532835197055,0
30.3403078785126,-85.6530562400712,0
30.2274983149885,-87.8371687142698,0
30.1827372308695,-85.7355647997862,0
30.245372601825,-85.5376588074856,0
30.154646327449,-85.7200692290832,0
30.0721022991153,-85.55953169265,0
30.1694929872851,-85.6965339407637,0
30.3095579522225,-85.5230699647523,0
30.1298245857392,-85.5937299508623,0
30.1989827768669,-85.7279321063849,0
29.9565660178561,-85.3683788072417,0
30.3455198324306,-85.6694284609962,0
30.2366515024112,-85.8617162018839,0
30.2886468751372,-85.6009330269522,0
30.1644217549605,-85.5696265777794,0
30.3557334206657,-85.5584514675485,0
29.7946560691086,-85.2528464819889,0
29.5925214999804,-85.0490962280809,0
30.1941718598073,-85.6593850450283,0
30.1733473056824,-85.5529880391678,0
30.1537405340506,-85.5360839150718,0
30.3783707459134,-85.6783216488706,0
30.1377367402595,-85.6093881487042,0
30.2417081105515,-85.5489638108364,0
30.2534201223901,-85.539820580351,0
30.3625073323385,-86.3028099377041,0
30.3190301008594,-87.3015182196194,0
29.7080576234234,-85.1656208391608,0
30.3048329381878,-85.5897077952281,0
30.4264100428933,-85.6955803385268,0
30.1253821658634,-85.5403746071971,0
30.3103341354576,-85.6814782919651,0
30.0359409335343,-85.4104480279106,0
30.2147213637583,-85.5858115329304,0
30.3493797526589,-85.6706898378002,0
30.3129846198658,-87.267286591313,0
30.0297247675893,-85.3973609245731,0
30.2885170226282,-85.6062223292596,0
30.2568125411114,-85.5840495464863,0
30.2878192384124,-85.64154487042,0
30.2128512897567,-85.6642605640061,0
29.9899739302104,-85.5014901233213,0
30.2830910797994,-85.4995884282574,0
30.3069384832129,-85.6920072693988,0
29.713760561481,-85.2568090475873,0
30.3046192479709,-85.58105888094,0
30.240401584435,-85.6058599775721,0
30.3854169017053,-85.6807634119007,0
29.6693295633442,-85.1840778587994,0
30.149116617516,-85.6003875219084,0
30.2768731017424,-85.5565892709716,0
30.3243617195802,-85.6645616179543,0
30.1600335107499,-85.6031561252514,0
30.123687131845800,-85.6255314542575,0
29.7347435549123,-85.2546671019279,0
30.2864934845084,-85.5967273520444,0
30.3082696523127,-85.6042043085684,0
30.2507578781254,-85.531550849814,0
30.253412773311,-85.4979281181162,0
30.3328475507368,-85.5782633836690,0
30.2570305352469,-85.6645622932561,0
30.1467749250799,-85.6493044141842,0
30.2624834690001,-85.6815090164588,0
30.1616624197268,-85.4843210205683,0
30.2351004518052,-85.6325140122863,0
29.7128825264394,-85.1411258427985,0
29.7143825203855,-85.1334595239441,0
30.1441231541363,-85.5644869487768,0
30.2737894810339,-85.4994771582896,0
30.039174458262,-85.4949782283903,0
30.3151468624337,-87.2848659395868,0
30.2647050316695,-85.4736625499162,0
30.0164100974422,-85.3677706998553,0
30.2006228518785,-85.6067049818089,0
30.2163504094775,-85.5486007117424,0
30.1510858041644,-85.7303896753118,0
30.1220778211268,-85.5663263989537,0
30.1936165231912,-85.5899118254101,0
30.1135872794147,-85.5952381851818,0
30.1640833386324,-85.7079056187584,0
30.231647525817,-85.6258299449031,0
30.2403218652869,-87.7208523545511,0
30.0779818093193,-85.6266242756807,0
30.1315826944811,-85.6429237307665,0
30.2881224111267,-85.5707299176922,0
30.2902758291904,-85.6501811307358,0
30.2697793607624,-85.6745392898966,0
29.7277027384273,-85.2553982252729,0
29.7164715373117,-85.2721373882597,0
29.7233938003748,-85.2713842695767,0
30.0812876315422,-85.6334274897789,0
30.2209651160743,-85.5701945665961,0
30.1855014127385,-85.7444413202144,0
30.2110777858298,-85.6601174900571,0
30.3271324120165,-85.6420646912293,0
30.2781148329674,-85.4928791639754,0
30.1376174413161,-85.5902071078506,0
29.8263278308579,-85.2588322497985,0
30.174822482574000,-85.5578740373252,0
30.057353619102,-85.5587305404311,0
30.2008712258964,-85.5850020792535,0
30.28899851817,-85.6108025656721,0
29.9584061888366,-85.4223101833612,0
30.327709938026,-85.5774770361107,0
30.2691843992288,-85.5443470336599,0
30.1597615078191,-85.7428476121717,0
29.8727659150102,-85.3028339467594,0
30.0319104745963,-85.4824091052377,0
29.8756603257717,-85.4024729622539,0
30.2254387672799,-85.8745041675784,0
30.1527971046135,-85.5080569740715,0
29.7795965768353,-85.2659834344027,0
30.1246773031861,-85.5970756024985,0
29.7885525418564,-85.283638112507,0
30.1804895417408,-85.7316269090213,0
30.246279598503100,-85.5662255370753,0
29.9481473712971,-85.3871793248667,0
30.2431066600679,-85.5773799662938,0
30.0573970999962,-85.5125181005715,0
30.2309079908176,-87.9021799538124,0
30.2223149038836,-85.5567765844783,0
30.2413843101909,-85.5569172342057,0
30.1535796752859,-85.6044820870943,0
30.1423007058795,-85.5867865187002,0
30.2439634506672,-85.5134037149457,0
30.202974164982,-85.6157300514722,0
30.2674819479646,-85.4875597199329,0
30.2861998724665,-85.6995951444601,0
30.2643816494531,-85.7082275861263,0
30.1523865410349,-85.4985494370329,0
30.1813262432861,-85.5264392369149,0
30.2672751059205,-87.5797293564369,0
30.271437870906,-85.6584073708541,0
30.1345803481444,-85.646391693042,0
29.9497334374797,-85.3536639098157,0
30.0561333278229,-85.4591102806270,0
30.1987520105784,-85.6489863411179,0
30.1456841531311,-85.6337818083199,0
30.3723039797264,-85.673940077318,0
30.1558671924027,-85.6236130396365,0
29.8628279801765,-85.3324728814054,0
30.0932189729777,-85.5096216464415,0
30.2297680804592,-85.634009521793,0
30.3748076276356,-85.6882901963745,0
30.1234238020234,-85.4923217482407,0
30.2772399095182,-87.5263767022144,0
29.8181347410383,-85.2594936707905,0
30.2454876642796,-85.6520849996018,0
30.1976511283061,-85.6902391289869,0
30.3069342387349,-85.6966719012054,0
29.9966371091338,-85.5172772410751,0
30.3624516592489,-85.6684197350473,0
30.2366138579854,-85.5817120920064,0
30.1699388002355,-85.7663713798542,0
29.7563361843263,-85.2523305733933,0
30.1841281976477,-85.5450767836459,0
30.0959180242893,-85.6307030281548,0
29.9695263729091,-85.3677001363828,0
30.2979291870109,-85.5790089649776,0
30.2005802823036,-85.6774514984166,0
30.2922858512248,-87.4341872286232,0
30.0751948611466,-85.620011227428,0
30.1530968802478,-85.52179253155,0
30.2045791175216,-85.8037072852121,0
30.3251467648,-85.6750487136589,0
30.1719634462586,-85.7057155573503,0
30.1809443098891,-85.768674835558,0
30.1848289382547,-85.6750992205084,0
30.1167291678661,-85.6698200269353,0
30.152314883535000,-85.6201687667015,0
30.201549944182,-85.7064350321592,0
30.2752871207033,-85.6441626186270,0
30.2005380801954,-85.5208180835467,0
30.2278361058036,-85.5512210750713,0
30.4296055763921,-85.6851927590088,0
30.1634746187922,-85.7464624187971,0
30.2089527686299,-85.56763659549,0
30.1650068437834,-85.4740464567332,0
30.2340744080984,-85.5773038063452,0
30.1468368283504,-85.5407250179628,0
30.3132478754302,-85.5745422620176,0
30.2842512702396,-85.5522397536473,0
30.2009888870426,-85.5350737434589,0
30.2411234428048,-85.5091709067268,0
30.1133999814529,-85.6635151601766,0
30.1131404920154,-85.5255853087733,0
30.1193593530284,-85.5708810905976,0
30.120264938265000,-85.6762522544192,0
30.1980721354301,-85.5475478902082,0
30.0791166566812,-85.5975318508209,0
30.163610834368400,-85.5943091168095,0
30.243181647792,-85.6384180204755,0
30.320559127636,-85.5720807919534,0
30.2406098687514,-85.5730217169737,0
30.1872756100254,-85.6798929927915,0
30.3195547235347,-85.5677433580482,0
30.1278644860121,-85.5883529814075,0
30.1646964964085,-85.4897124265522,0
30.3345120661664,-85.6201436048489,0
30.2713025656119,-85.6017319880427,0
30.3928350290093,-85.5238501194309,0
30.1253830983656,-85.6064508546849,0
30.1734323885028,-85.5482165534565,0
30.2159214751638,-85.5638200948832,0
30.2504615704467,-85.4818177009197,0
30.165930400771,-85.5258534443248,0
30.1728713773972,-85.5026995167252,0
30.276399034677900,-85.6280572127339,0
30.3798474998542,-85.520132097406,0
30.1965675053734,-85.7748881528043,0
30.3470485605758,-85.6483665149198,0
30.172961628137,-85.592728026959,0
30.4277691358967,-85.6777892854713,0
30.2506962292719,-85.6694518286101,0
30.214260157507,-85.6689099651848,0
30.271166794252400,-85.4960802862861,0
30.2376114800273,-85.5396600226354,0
30.2544546109926,-85.6263210006728,0
30.196338969755,-85.8039880200379,0
30.2519336033824,-85.6166831943776,0
30.3865243802334,-85.5202894900289,0
30.3083658544659,-85.6480422027631,0
30.3107956081080,-85.5731618207348,0
30.1219667023007,-85.5570087533602,0
30.1256954327017,-85.6298917363337,0
30.0861043839127,-85.61069111893510,0
30.3092596083997,-85.6092353216877,0
29.6978224700934,-85.3060413417695,0
30.2294684380929,-85.640426887476,0
30.1753605727272,-85.6889018976450,0
30.311018915585,-87.2508056387995,0
30.2958910615204,-85.6412920210231,0
30.1255338568922,-85.5101518753783,0
30.3093556344857,-85.5640518793796,0
30.198458986903,-85.8078005674354,0
30.3656200613421,-85.528401969558,0
30.184379214815,-85.6052569987599,0
30.1213668949005,-85.616877968375,0
30.1622469766854,-85.7038465871437,0
30.2207498881132,-85.6014888666469,0
30.3575005082735,-85.5447589193,0
30.308591821453,-85.5646072178005,0
30.2941722642365,-85.6374915386883,0
30.1494574694686,-85.6526006647527,0
29.7376715468561,-85.3325724192487,0
30.4178791291035,-85.6939738808808,0
30.1439012915972,-85.5785629226721,0
30.1730498918736,-85.6219173843602,0
30.202675321724200,-85.4878696092606,0
30.1519375329236,-85.5031426803873,0
30.2632605365049,-85.547921822999,0
30.0372148939992,-85.3877220218626,0
30.1456224300282,-85.593247033617,0
30.1267517127387,-85.5002747624956,0
30.1633151468572,-85.6746230948504,0
30.1471124701872,-85.5301693212996,0
30.2348522432602,-85.5361520160787,0
30.3750047777996,-85.5245502926446,0
30.3545969696333,-85.5479879494336,0
29.8262658668048,-85.2934670410489,0
30.2757346659657,-85.6235413463293,0
30.1276162043416,-85.6102619363878,0
30.0380085270523,-85.5436678333473,0
30.2981290593793,-85.6502882786924,0
30.313118645391,-87.2589151284291,0
30.2504914244204,-85.5218257821204,0
29.9887272598924,-85.3851422673323,0
30.1598979983571,-85.5044454059337,0
30.2280919675754,-85.862566362707,0
30.2789160687985,-85.6819072440181,0
30.164092709542,-85.520818802439,0
30.2866542181503,-85.5565758862451,0
29.8144943653914,-85.2899284039495,0
30.2049182591656,-85.6944673634493,0
30.1940714816263,-85.5787156796064,0
30.1024799545876,-85.6726859608372,0
30.2267355866589,-85.6290922572233,0
30.2309858294769,-87.9106811038638,0
30.0406969533873,-85.5023068018969,0
29.9424401825552,-85.3899198370476,0
30.2192341267735,-85.6661099664462,0
30.3173737792574,-85.6573464671122,0
29.720730985893,-85.2561194281352,0
30.064419294052,-85.571812364268,0
30.2720892283847,-85.5476218023805,0
30.2243135445621,-85.6094379715008,0
30.0645884261791,-85.5490038756376,0
30.4171535680663,-85.6771457225656,0
30.2656837771003,-85.6659678074341,0
29.9717057651771,-85.353106312767,0
30.2799065932813,-85.601264701685,0
30.2231537200057,-85.5736582076721,0
30.1474949822963,-85.5640695847363,0
30.1649227407138,-85.4843064751915,0
30.235950017229,-85.563875311998,0
30.2683758680783,-85.5857681618562,0
30.2727370930575,-85.4794059879578,0
29.7275541289223,-85.2860611688689,0
30.2289581397546,-85.5816160284338,0
30.292319624597600,-85.6843787909083,0
30.1888900272377,-85.6233491073603,0
30.3141295455378,-85.6001977971992,0
30.2385514764957,-85.8658803075261,0
30.2970981908264,-85.5175744051664,0
30.2433637708381,-85.5338123743396,0
29.7180365247879,-85.3228365787766,0
30.3016135063465,-85.5857897322414,0
30.229129042965,-85.5748843343939,0
30.2507161191563,-85.6436153518194,0
30.0825798660975,-85.6041204599399,0
30.1668775401157,-85.5564718966658,0
30.2651047458876,-85.501838158191,0
30.4124335815929,-85.5420336233352,0
30.0737193871871,-85.4786370720496,0
30.219008800149,-85.5529938517455,0
30.3008757370719,-85.561364297101,0
30.3209734731135,-85.5894414030119,0
30.2443186513383,-85.6476528655678,0
30.3586403067045,-85.5555611972796,0
30.3963360654906,-85.5454220753224,0
30.2657254357669,-85.5405489011,0
29.9649576436571,-85.4378521368275,0
29.7206503984826,-85.2866006951025,0
30.270330025777,-85.5972542672978,0
30.2008561568874,-85.5576628897258,0
29.6908909406105,-85.2385890279264,0
30.3132247014415,-85.5915502115777,0
30.2521816356762,-85.4629484637488,0
29.9697576888741,-85.383953074695,0
30.1178639285068,-85.6029083177079,0
29.9116629712442,-85.3548243706811,0
30.2677608874176,-85.6490593033386,0
30.1289998181762,-85.5580699868758,0
30.2854254447579,-85.6328109000727,0
30.2916767947205,-85.5484778897024,0
30.1809971256137,-85.5462563847984,0
30.1214837691235,-85.5615709011789,0
30.2390496385804,-85.5044493407545,0
29.7003916021173,-85.1976684867428,0
30.1489198762802,-85.5787053046285,0
30.1682054540632,-85.6922183424058,0
29.7161740547403,-84.9939954485003,0
30.2110313542165,-85.5713894267997,0
30.2857508194763,-85.6946081085391,0
30.1359256540446,-85.6108669888618,0
30.3110165263338,-85.6190773189866,0
30.128679313124,-85.572487039337,0
30.2543457324564,-85.6822695928033,0
30.0982209481819,-85.5030155969259,0
30.2027993777632,-85.6618451029853,0
30.2341474325958,-85.6615166183074,0
30.2829880147312,-85.5637839510483,0
30.2029929542467,-85.711883729027,0
30.2699540472772,-85.6917932638597,0
30.2585113434997,-85.6688191772489,0
30.1221164075825,-85.5522062740843,0
30.1656304153758,-85.5158953062135,0
30.0596434921709,-85.4753768386278,0
30.2316575849413,-85.5728837804627,0
30.029291640923,-85.4755542032762,0
30.3031938373944,-85.6187789196044,0
30.179275018371,-85.5005693595807,0
30.1952891125812,-85.7995290220973,0
30.3072285172493,-85.5992308458511,0
29.9480432356747,-85.3985287607089,0
30.3291498292485,-85.5708429482008,0
30.2644676509634,-85.5124631952622,0
30.1442563500555,-85.6456995223034,0
30.187889433193,-85.7158639815046,0
30.210682058801,-85.8471280000577,0
30.2053208332956,-85.5430148857042,0
30.1816999283179,-85.7733453949577,0
30.161117882928300,-85.5795293658163,0
30.2087276716692,-85.6745002538497,0
30.3898469098891,-85.5426749521151,0
30.2418716917481,-85.6101372147426,0
30.2327386085925,-85.6869145755859,0
30.2860618709793,-85.5670899825746,0
30.1996382460306,-85.5165571982391,0
30.3128730577148,-85.5873805892406,0
30.1427163670411,-85.7175771889858,0
30.2777299470583,-85.653057043273,0
29.7869340610644,-85.2529308817849,0
30.0961438404946,-85.5127185045423,0
30.2107979753233,-85.5564175469451,0
30.3409142550156,-85.6316521319996,0
30.1499528892041,-85.6402832015176,0
30.2582442273879,-85.4668933844118,0
30.2054107793659,-85.8192514496746,0
29.9782892025313,-85.3521941598688,0
30.291872568071,-85.693566883051,0
30.2536842312375,-85.651318554089,0
30.2932564941213,-85.6089653583652,0
30.2087492172549,-85.5806842389859,0
30.203815808804,-85.599765659853,0
30.1789520364167,-85.7502378575021,0
30.2522343715212,-85.5488871501276,0
30.1544583798318,-85.5840720406172,0
30.1451957211003,-85.5357518300162,0
30.1872554079231,-85.7585572220392,0
30.1875569461842,-85.5951431183631,0
30.1480245672749,-85.6638297010695,0
29.9441996590266,-85.3727239485149,0
30.2984977963069,-85.6348781266302,0
30.2841420877388,-85.5827067728931,0
30.1930351088232,-85.5427389506043,0
30.1428603587644,-85.5000890445663,0
30.2490590947269,-85.5458683200384,0
30.3617115358687,-85.5308424344411,0
30.07676463007,-85.4817348567655,0
30.1429200211453,-85.603415856241,0
30.2518959837865,-85.6737752720786,0
30.1958094697525,-85.635302385833,0
30.1452531822374,-85.5026194462411,0
30.324433473957,-85.658974394265,0
30.2077617425311,-85.7081235757371,0
30.3987068135833,-85.553690530873,0
29.987149384411,-85.4933224915545,0
30.2549536303476,-85.5521051300777,0
30.2849101847738,-85.6283637558377,0
30.1625873912754,-85.5866819558013,0
30.2355037242109,-85.5469506979317,0
30.1732077878443,-85.5282636598499,0
30.2578776730877,-85.6097874503586,0
30.1882726822157,-85.4763514485069,0
29.748337649055,-85.2839323273248,0
30.1515587512100,-85.7159339013228,0
30.2848629887375,-85.6776715860582,0
30.28479234125,-85.5890919277226,0
30.2277101610405,-85.8466872633475,0
30.2002988879541,-85.6232006020484,0
29.9284360475891,-85.371980645816,0
30.2609850056737,-85.6772608344323,0
30.2056402897139,-85.4650366675755,0
30.1894342596923,-85.6848314553829,0
30.055943028073100,-85.5051088073816,0
30.258825747027800,-85.5886564199678,0
30.2848418948036,-85.6593512703952,0
30.1539012354932,-85.531054215972,0
29.9956334931519,-85.3846243001296,0
30.3997569316652,-85.6745823909567,0
30.1428198558546,-85.5297149443591,0
30.2254093475834,-85.660699102518,0
30.4138613189367,-85.6772971190414,0
30.2994224279371,-85.6854952984459,0
30.0655995982280,-85.4941660630546,0
30.3488639437897,-85.6514465949015,0
30.0484450725083,-85.5226424409678,0
30.2039453744678,-85.4699071400281,0
30.1731109107691,-85.5386099868148,0
30.1681465945656,-85.6126700672832,0
30.1851269702796,-85.7050847969007,0
30.1539474475689,-85.7346300803674,0
30.4072674013201,-85.6840361689846,0
30.2505312475186,-85.5910801915156,0
30.1099708626836,-85.6571436498331,0
30.1345379063325,-85.5278133973584,0
30.1368428164172,-85.6508014292919,0
30.146409300755,-85.7071911358482,0
30.2540958424732,-85.5658578176172,0
30.1860903114365,-85.5346722836614,0
30.3607289415086,-85.5515689398193,0
30.4142298880172,-85.5529569739654,0
30.2217926437522,-85.5432081179128,0
30.3080238395274,-85.7010729332467,0
30.2262091097226,-85.8426920326147,0
30.1420093256214,-85.5201391015116,0
30.1198396816442,-85.5845521833454,0
30.2560505990933,-85.5017597906773,0
30.2507446552232,-85.5584178687285,0
30.3432536224098,-85.6396190789841,0
30.4217532788754,-85.6943506797932,0
30.2482307655300,-85.6608810045757,0
30.198339470168,-85.4624222123772,0
30.1973553728293,-85.6790745279935,0
30.2244472954063,-85.8387003722402,0
30.1327237147484,-85.5033235794921,0
30.2713642991897,-85.6870378215014,0
30.1764079224257,-85.7184914815612,0
30.1663858132627,-85.5620586327692,0
30.1059530976304,-85.6790734371747,0
30.1195000978842,-85.5799947324462,0
30.3580507428049,-85.6561721540019,0
30.290006058751,-85.5600357691868,0
30.183927037339,-85.5921051537174,0
30.2598267971263,-85.5450925958039,0
30.2620188727815,-85.5626474420459,0
30.3421033913907,-85.5596269900083,0
30.1723829430864,-85.4817735224193,0
30.309574471993500,-85.6524126866829,0
30.1088569182004,-85.523659538345,0
30.1362185300499,-85.5665107122366,0
29.8425148955941,-85.2885760811135,0
30.1992917073101,-85.6729503633945,0
30.2550731765591,-85.4648995592707,0
30.128488799022,-85.4781140346341,0
30.4167164382369,-85.55712237417760,0
30.1882154003787,-85.4804549283818,0
30.4206752451959,-85.6766788750326,0
30.2041254899394,-85.5604006387339,0
30.1447709277355,-85.5216295890442,0
30.1368076778476,-85.5520025076875,0
30.1109018454343,-85.5908557589942,0
30.2383827061378,-85.6017137346378,0
30.161396327987,-85.5832653481347,0
29.9171467210105,-85.3606784119555,0
29.7068669726673,-85.2579526314241,0
30.3139560570137,-87.2934361248652,0
30.259255080121,-85.6145671772935,0
30.1789220830042,-85.7679800519899,0
30.2508983562497,-85.510076014519,0
30.2158548982111,-85.8390441127954,0
30.1963791162929,-85.5642013252642,0
30.209206501302400,-85.6309385303292,0
30.1725564517968,-85.4923251513802,0
30.3067757766755,-85.6768513734162,0
30.2565525086156,-85.6912527990427,0
30.1292556652485,-85.5999737731983,0
30.2383883590486,-85.5266429496952,0
30.2914226703407,-85.6803425956889,0
30.1800041914987,-85.4900990283355,0
30.3523637264443,-85.6519040700086,0
30.1806915065329,-85.5061830453048,0
30.070500658374,-85.4754131851623,0
30.2812314417006,-85.6103416765031,0
30.2560738014747,-85.6311649755504,0
30.2223804865716,-85.8343116479366,0
30.024124898645800,-85.368451351595,0
30.2051177035343,-85.6203788044567,0
30.1776241486681,-85.6095872328616,0
30.2833607287846,-85.5044875204856,0
30.2657960275654,-85.6389667997343,0
30.403443360439800,-85.546291683917,0
30.1206101591718,-85.5889851334788,0
29.9919787574471,-85.3544208490921,0
30.0358667698577,-85.4884678620388,0
30.2693004705214,-85.6789178846049,0
30.1348458397138,-85.5325310747398,0
30.174253281767,-85.6180760329094,0
30.2656619377844,-85.5829827813374,0
30.2627822781491,-85.4980697452764,0
30.1337734631311,-85.6268023921872,0
30.2917700732903,-85.6980679976148,0
30.1274935337481,-85.5343579402444,0
30.3266541027373,-85.6901275878387,0
29.7940370090126,-85.2686066761306,0
29.7687913699821,-85.2814473407783,0
29.7418367758255,-85.2538601402988,0
29.7139788733422,-85.2878414092395,0
30.3649384536420,-85.659450521381,0
30.0025810206069,-85.3848737668408,0
30.1052120208595,-85.5215410674246,0
30.0987228921431,-85.6664538483381,0
30.2942908077095,-85.5148707134286,0
30.1492128927941,-85.7420650332716,0
30.2084120377294,-85.4589242397324,0
30.290164049036,-85.6154125740849,0
30.2599204454382,-85.6728728180242,0
30.226094326404,-85.6136983674554,0
30.1825636319254,-85.6944201128343,0
30.1796579652847,-85.5212276039173,0
30.3640865926082,-85.539192115305,0
30.3706137013818,-85.5273033007023,0
30.1300788110109,-85.5535133896404,0
30.0537391156344,-85.552327425707,0
30.1441983388262,-85.5077010067191,0
30.1472412480258,-85.5454029421213,0
30.155588889313200,-85.5260833203524,0
30.148405507876,-85.7259687212931,0
30.2577977008056,-85.5062098568659,0
29.741474103235,-85.2847532544688,0
30.0535741653691,-85.4980045984858,0
30.1461835630675,-85.598419120044,0
30.1309994387339,-85.5499566379732,0
30.283271620101,-85.6548623478496,0
30.2034216084742,-85.4739588410869,0
29.700254880247,-85.2890838579251,0
30.1805710419028,-85.4956142239492,0
30.1284850167326,-85.5772641275016,0
30.1467933787659,-85.5264829840189,0
30.133918895163,-85.5180789918893,0
30.124415407795200,-85.4873118118443,0
29.8338555480881,-85.4231951881003,0
30.325181145940000,-85.6949589680643,0
30.1837041747239,-85.6998204676031,0
30.2144391474372,-85.6445284848445,0
30.1977484215810,-85.6443486924067,0
30.0340265173180,-85.3807971180904,0
30.1945828021451,-85.6307645474738,0
29.963040769516,-85.3686901782945,0
30.2494371081047,-85.4892511789573,0
30.3253060972093,-85.6798936207405,0
30.3270617990688,-85.6372900018685,0
30.1753067666937,-85.4668617068422,0
30.255439663318900,-85.6607891390037,0
29.7814832219768,-85.2823027439192,0
30.1886741987954,-85.4674112230813,0
30.1841046061026,-85.7399682117076,0
29.7203537311195,-85.3346465250953,0
30.1773790422749,-85.5674503867061,0
30.1817501595861,-85.6013048667778,0
30.2364640353817,-87.7371664848729,0
30.1450336586435,-85.6608501456769,0
30.1837551371298,-85.5688049617144,0
30.1833131015144,-85.5725873496161,0
29.88308978895,-85.32735328700100,0
30.2872022873312,-85.5825052782272,0
30.315243921626900,-85.6468457284632,0
30.1432640092062,-85.7032639070806,0
30.368869588837,-85.6721813559191,0
30.4063605668575,-85.5714760388220,0
29.9663855665032,-85.4467427082247,0
30.2307125701017,-85.6042274925804,0
30.1858015037076,-85.5252155668241,0
30.2516809195206,-85.7039983185998,0
30.3924517664002,-85.6742873917948,0
30.1987624977605,-85.6955301195377,0
30.3342656527339,-85.6374003889334,0
30.2025955366138,-85.8001868906317,0
30.251339586174100,-85.4935660114493,0
30.2191225655738,-85.6136791893627,0
30.1657376118118,-85.7512540559493,0
30.0573736304643,-85.4702830521688,0
30.2980200767172,-85.6291723939197,0
30.216792323281,-85.6085036182458,0
30.2118871925643,-85.6354880159685,0
30.1273301798227,-85.5294887926173,0
30.1308824331345,-85.6184022401422,0
30.1968632959992,-85.5932894221837,0
30.3258903596305,-85.6847107966643,0
30.3933893176422,-85.535501843978,0
30.4101897594967,-85.6942123255041,0
30.2674081974297,-85.6438628311966,0
30.1980863430577,-85.5442465952017,0
30.247120591455,-85.6563729360295,0
30.2540333939451,-85.5139083723778,0
30.1607317219557,-85.6710854189166,0
30.1648857264592,-85.6838663400676,0
30.1334396398255,-85.5131455786069,0
30.1802532434983,-85.475152390743,0
30.1996273439722,-85.5502698628656,0
29.9891404459086,-85.3691732883063,0
30.2748822961179,-85.5660412585813,0
30.2925930898883,-85.6037773957061,0
30.231136213232,-85.6817788951072,0
30.1654644646407,-85.5054582506382,0
30.4051701452157,-85.5510800259498,0
30.2507665751583,-85.5752209475743,0
29.9575239058922,-85.4128196270517,0
30.126582383205,-85.578604439955,0
30.2850085966862,-85.5929115191742,0
30.2466699910814,-85.599393996968,0
30.2617959694412,-85.4699305679027,0
30.3456672840056,-85.5669199042985,0
30.1855087995125,-85.5751350031397,0
30.2912978502219,-85.5988792190348,0
30.1968581690498,-85.639935837742,0
30.3009913540203,-85.5462381503015,0
29.7344758823906,-85.2853047232547,0
30.2702936255467,-85.5089030380514,0
30.2858367078147,-85.54087763984130,0
30.1408886680524,-85.505435804894,0
30.2599521389731,-85.6514599672631,0
30.2323069978868,-85.870400772857,0
30.1562549601778,-85.5785922572664,0
30.0024180069152,-85.3694413509264,0
29.8228139724114,-85.2756643357461,0
30.3418331415884,-85.6360457365488,0
30.3465243120076,-85.65794457650450,0
30.3382858141747,-85.5520072022666,0
30.2455169243786,-85.5254824323002,0
30.3126556107162,-85.5830249553323,0
30.328739481232,-85.5902936765525,0
30.3614593856532,-85.5427269798609,0
30.1514569792622,-85.6318761666957,0
30.0902312633418,-85.5066151013274,0
30.2399436819344,-85.549339951415,0
30.201594050669,-85.6572878115535,0
30.2045696521314,-85.5881914339115,0
30.3205420167684,-85.5497565443329,0
30.3567014555944,-85.5322228044366,0
30.1737074388424,-85.7096651874972,0
30.3324542086565,-85.5681596561852,0
30.3293135655317,-85.5989834281399,0
30.192754041485,-85.7316804486895,0
30.2358985414373,-85.6413215546877,0
30.1082599357047,-85.574914902979,0
30.0610193622856,-85.5653374932462,0
30.2098260126786,-85.6083397875391,0
30.1094622096079,-85.6854522131154,0
30.3272819296372,-85.5625278408627,0
30.246879164573800,-85.6182732168881,0
29.9853500253043,-85.3527382013311,0
29.9759153800687,-85.3681630827456,0
30.2204659501773,-85.6716110746559,0
29.7715307274633,-85.2515740925530,0
30.1010818244618,-85.5060892700476,0
30.192769771347,-85.5533150077697,0
30.1652726734223,-85.4950226571056,0
29.8550276624465,-85.2984668366512,0
30.2397257754609,-85.5436450416374,0
30.3591399891702,-85.6766324201484,0
30.2033363635721,-85.4823028342258,0
30.1880159170958,-85.4722110772829,0
29.9619799490525,-85.4299400392671,0
30.2002944709099,-85.8272617580394,0
30.2437322100751,-85.5529794171702,0
30.1905351259772,-85.6952926636431,0
30.2940939117155,-85.5526253150199,0
30.1101771936704,-85.5150587192822,0
30.4142910533316,-85.685866423751,0
30.2315159456083,-85.554704479093,0
30.2170739968132,-85.6295274459792,0
30.2099522081753,-85.8106664726784,0
30.0281496471687,-85.4609854472647,0
30.095916486158,-85.5243653122021,0
30.1934089117499,-85.5237764844095,0
29.8154101037058,-85.2748074270964,0
30.2774266576841,-85.5074937821722,0
29.6999995160234,-85.2586574116779,0
30.2078909427884,-85.8067120571918,0
30.410408643513100,-85.6756705266978,0
30.1447461580244,-85.5172866357349,0
30.2248983787791,-85.5925973672551,0
30.286865642842500,-85.6372429240599,0
30.1559573381181,-85.5547783855771,0
30.2765474995935,-85.5280579065255,0
30.2018138577149,-85.7384656405634,0
29.9826375711594,-85.3679513093328,0
30.0919656834601,-85.6531612454129,0
30.3440312629424,-85.6468758331456,0
29.9226329425926,-85.3665894943724,0
30.1987485047452,-85.5671376550838,0
29.8701196537406,-85.3186811635104,0
30.2363737188684,-85.646082563834,0
29.8488005192802,-85.3102798295916,0
30.2507999518994,-85.6994442248966,0
30.2210050062843,-85.6189074297575,0
30.1567841721666,-85.7387987672028,0
30.2832374640574,-85.52741497286,0
29.6937100927733,-85.3361428700961,0
30.2857224231756,-85.6896463077461,0
30.3214011657396,-85.5937369918681,0
30.3046155657294,-85.6448475554203,0
30.354415625933,-85.5373678727399,0
30.1975116134741,-85.5816513774229,0
30.4112800862502,-85.5642928489532,0
30.2226559973617,-85.6055906828715,0
30.2476671671758,-85.8719652581865,0
30.2597450045894,-85.4902302562432,0
29.9787170922975,-85.4687997421931,0
30.2422079782077,-85.6287985945604,0
30.2373904873047,-85.6719630070967,0
30.3365517200054,-85.6231408804451,0
30.3768423836279,-85.5425897212454,0
30.2011454708859,-85.5705693731802,0
30.3191819025587,-85.5457053770313,0
30.2021757632341,-85.7442316751705,0
30.2034836412729,-85.5515067683247,0
30.1848355366046,-85.5204438661608,0
30.1310442263904,-85.4828178693026,0
29.9521188536629,-85.406062103044,0
30.1363761687263,-85.5760334594021,0
30.2596723877493,-85.5591784125336,0
30.2550579988781,-85.6558530476317,0
30.1400625832615,-85.7132985778947,0
30.3286046679058,-85.6511623085773,0
30.2178022163392,-85.8431383371798,0
30.2925038501749,-85.7027794322326,0
30.2851205565309,-85.6720840692914,0
30.2891687617783,-85.6457344161026,0
30.1917284072499,-85.6269333601098,0
29.8354004247586,-85.2632842550847,0
30.4067753931918,-85.675970312332,0
29.7070554605691,-85.2883520765144,0
30.1899588472803,-85.5872456470827,0
30.3127434358332,-85.5334793277021,0
30.1447081303817,-85.5122997881894,0
30.2909534189688,-85.5129530131536,0
30.3667724468479,-85.5464766128189,0
30.3726815534904,-85.6838031408745,0
30.2940089231565,-85.525339544175,0
30.1117297005724,-85.5849726261109,0
30.2039036528054,-85.5738974068244,0
30.0928311481966,-85.5214116238146,0
30.1500202530869,-85.6669885574035,0
30.2879960896095,-85.6722953335507,0
30.3704676742796,-85.5465032248468,0
30.0563136600603,-85.4847202111867,0
30.3490274279719,-85.5385429150925,0
30.2284208766597,-85.6711054346259,0
30.1848852282271,-85.515364128667,0
30.2948548865817,-85.5844269829101,0
30.2720345968389,-85.6834502807382,0
30.2691920661371,-85.4920407073283,0
30.1898518084425,-85.7722698512739,0
30.2435040929363,-85.6431882189768,0
30.0505432324492,-85.5374853631487,0
30.1210868894511,-85.5476183629677,0
30.3134233409683,-85.6206105060842,0
30.3691194657756,-85.6822284845951,0
30.1435785759753,-85.5441089919126,0
30.3289601858817,-85.6263003428877,0
30.1138121180965,-85.5168788589101,0
30.2485500128836,-85.5280449893519,0
30.335557846927,-85.5652541836507,0
30.341501885653,-85.5493122678808,0
30.3802241581402,-85.5422314476575,0
30.1421195849429,-85.6420603255605,0
30.1776197389772,-85.5784093221244,0
30.1641198655572,-85.5746067431676,0
30.3106663401652,-85.6866628286921,0
30.3105594653331,-85.6918073213605,0
30.2980386176001,-85.5563883748159,0
30.3118602687375,-85.5670933988664,0
29.9061092824996,-85.3491368800224,0
30.1360534542576,-85.5468739099402,0
30.2139757443061,-85.8555653247888,0
29.7443009259019,-85.2692121932966,0
30.1434455298646,-85.7335596151421,0
30.1195440016148,-85.6128758440024,0
30.3652923361082,-85.5508495756682,0
30.2428353488743,-85.6335836493423,0
30.1725330738647,-85.4768357013679,0
30.1888806535218,-85.7677078788109,0
30.2820543499091,-85.6148404047609,0
30.1356740556664,-85.5808619952186,0
30.3066596529539,-85.6872724850978,0
30.1933171547668,-85.7060769160984,0
30.3030545898489,-85.667503783122,0
30.2441480488492,-85.6141536158879,0
30.17337792062,-85.5333314253001,0
30.4041436777926,-85.5671168066733,0
30.1764058097254,-85.7861110630305,0
30.2137099641469,-85.5744179032779,0
30.3287008403362,-85.6067287827218,0
30.3799235801609,-85.53366521831860,0
30.2270696201646,-85.5962532253697,0
29.7752564124183,-85.2821557982796,0
30.1341947121686,-85.5229498438062,0
30.172002566244500,-85.6035349197231,0
30.2630799072529,-85.5362099170342,0
29.8887305998091,-85.3332180765666,0
30.1410515615443,-85.510202351602,0
30.2137868223229,-85.53723546209300,0
29.9957946579126,-85.369146997919,0
30.1926153115387,-85.6161942440656,0
30.1726771702639,-85.4977191466673,0
30.2386888811735,-85.8773350143069,0
30.1744666896931,-85.6459447303492,0
30.1666776722961,-85.5874605873136,0
30.2794852345503,-85.6577655993919,0
30.1702339459824,-85.5897058046415,0
29.737316442969,-85.2699564981188,0
30.144067125729,-85.5738036468214,0
30.2864770267887,-85.5300953642565,0
29.821597356732,-85.2888963180214,0
30.4067293918462,-85.5274704986034,0
30.1829115487514,-85.6169467435709,0
30.1731342581875,-85.5132937602823,0
30.2796119608763,-85.5317070032057,0
30.2215360113728,-85.6447931575844,0
30.0686104420037,-85.4971585619330,0
29.7635877937479,-85.2511554141909,0
30.3719038110923,-85.5364488628194,0
30.1667342364051,-85.6879429517822,0
30.1731357402293,-85.52329923385,0
29.7725888108301,-85.2672374515519,0
30.3515942451107,-85.5511894686995,0
30.0494705173362,-85.5301011655274,0
30.339427018109900,-85.5727287351646,0
30.4017402375856,-85.5409704307522,0
30.1747600011037,-85.5629213710799,0
30.305404263771200,-85.6719047463934,0
30.1462238728973,-85.5499836041545,0
30.2490242613121,-85.665346767674,0
30.098822616032,-85.5274114267211,0
29.6990357095381,-85.3250615181923,0
30.1379441595899,-85.6005853638102,0
30.1418068172784,-85.6581872523071,0
30.2811265926799,-85.5486809262957,0
30.1801721361439,-85.4850389610882,0
30.201502290718200,-85.5397110232887,0
29.7096572040762,-85.2731536273371,0
30.2137756551246,-85.8350522431104,0
30.1906015312584,-85.5981738266914,0
30.3424382877661,-85.5696462113445,0
30.2042290131795,-85.6386227072219,0
29.7303210452163,-85.2706994610191,0
30.3546302980898,-85.6549912377119,0
30.2303345048469,-85.866402231734,0
30.1730011822709,-85.518194088354,0
30.178067959454,-85.599390055196,0
30.3292807294281,-85.6457400487875,0
30.2033856515169,-85.8152889756417,0
30.2620793871724,-85.4934936066693,0
30.3212239703415,-85.6070124931358,0
30.1354145971193,-85.5373374802823,0
30.3362624236505,-85.5756801051173,0
30.2056821778491,-85.6990956369956,0
30.1328967024482,-85.50830995528120,0
30.2013242986075,-85.7920683485163,0
30.2773014396314,-85.5929350550936,0
30.3097113942399,-85.6766568149107,0
30.0844692344483,-85.500336059356,0
30.2534959142188,-85.4850791357102,0
30.1351320922707,-85.5855776717752,0
30.1568450013741,-85.5736675195294,0
29.7654274739009,-85.2669615780166,0
30.0719407162548,-85.4884485711979,0
30.3623309719245,-85.6788535063732,0
30.3490658204133,-85.5545640766397,0
30.3425791532371,-85.6439637834387,0
30.1141541696009,-85.530603782722,0
30.1976142407911,-85.722626731479,0
30.2572241561163,-85.4875247066297,0
30.2527337848764,-85.6780318313169,0
30.3291145406065,-85.5945679312614,0
30.1360623752604,-85.5711668966132,0
30.4120373321859,-85.5487879618474,0
30.2761271797994,-85.5839461700497,0
30.1285098443538,-85.5387826002082,0
30.3999357197374,-85.6835015011536,0
30.2214771232831,-85.6391603498603,0
30.1910162630276,-85.5482310639926,0
30.2999226729308,-85.5423770976359,0
30.3168543365686,-85.6519745676939,0
29.9017867058925,-85.3416577402525,0
30.3175433714872,-85.5410785102881,0
30.2809635841673,-85.6625226840883,0
30.210686332142,-85.6140949651292,0
30.3055685514333,-85.5521883097051,0
30.1299578806618,-85.6380527717068,0
30.3591890016198,-85.6661034369681,0
30.1810315385183,-85.5878638319251,0
30.1363897149607,-85.5618005090795,0
30.1862900994748,-85.5000485992114,0
30.2996901817524,-85.6545260812621,0
30.1931091674987,-85.5047484799641,0
30.198413154915,-85.7789592051166,0
30.2295236158659,-85.5680608348091,0
29.9501413852829,-85.3699433702871,0
30.2414411573265,-85.6240314263696,0
30.2691848111806,-85.653816419881,0
30.2384683502101,-85.4888918453416,0
30.1944570124852,-85.7364996499629,0
30.2145301661560,-85.639556687961,0
30.0952898371513,-85.6598398941263,0
30.3272855821478,-85.6995853911870,0
30.1809614831319,-85.5164993885725,0
30.2535128841997,-85.7084483643741,0
30.3979613345299,-85.5373742545469,0
30.1911999262759,-85.7813811347202,0
29.801364488808,-85.2691031414636,0
30.1370921167326,-85.5569403150938,0
30.1387183786314,-85.5950788747891,0
30.2269701734053,-85.6658500624323,0
30.1760857045681,-85.5732140275343,0
30.1740150284448,-85.738637690604,0
30.1398224293188,-85.6536107495979,0
29.7019072698889,-85.3367004570575,0
30.2220243800627,-85.5837572499956,0
30.2778320719321,-85.6970617923114,0
30.2759486294378,-85.5032687450824,0
30.3360273775595,-85.6411985159036,0
30.2035635679229,-85.4782511699012,0
30.2600546336496,-85.5211900942267,0
30.2809356310822,-85.6056500566037,0
30.2065822378578,-85.6702640874458,0
30.1273269873013,-85.586453022058,0
30.3299291540002,-85.6099973503863,0
30.2160537676904,-85.5776899996206,0
30.131660438555200,-85.4934607342388,0
30.1524805030618,-85.6698383327727,0
30.2194911652194,-85.5802361459594,0
30.068822204637800,-85.485361545699,0
30.0811510257169,-85.4975938096133,0
30.3123592819714,-85.5707174194825,0
30.1023803587494,-85.5184160777051,0
30.1547109365901,-85.5501665950822,0
30.116881084556,-85.6087164960636,0
30.2467811985109,-85.5421640924034,0
30.1928444684442,-85.509676575155,0
30.1423442961098,-85.5250550634695,0
30.2147394000053,-85.6245374584508,0
30.3613809732269,-85.6580412680083,0
30.2323001182278,-85.6083484049288,0
30.3445830104447,-85.5468379242331,0
30.2046485311095,-85.666007761549,0
30.2522376084432,-85.5619836315512,0
30.3682453142347,-85.5384410562902,0
30.1848430190436,-85.5107236724493,0
30.2839534113761,-85.535504598286,0
30.2620382153406,-85.4808229199949,0
30.1113555524391,-85.5798816440817,0
30.1799658981491,-85.4797018641628,0
29.8596213353133,-85.3056790029776,0
30.258880902366,-85.7000596648696,0
30.0276821699607,-85.4684021190913,0
30.1946570172322,-85.7115198608593,0
30.3219498737122,-85.5980684289943,0
30.2866319220117,-85.6680917051536,0
30.3831590964395,-85.5397303725224,0
30.2019247364369,-85.7964922912166,0
29.702780575748,-85.2738732374765,0
30.2358353066226,-85.6366918589297,0
30.2203855985006,-85.5352480237516,0
30.219868369451,-85.6340417578747,0
30.2969761993164,-85.67186262258,0
30.2063933764582,-85.564111860783,0
30.0872142298616,-85.5036774686809,0
30.3146684249026,-85.71270994803130,0
30.1652995583075,-85.5107658861206,0
30.2643019400656,-85.6611892317656,0
30.3291312450926,-85.6031688149424,0
30.2957666348520,-85.589502256511,0
30.2688730903981,-85.5732095247778,0
30.396106850105,-85.6742375714696,0
30.3103627387356,-85.6138772093907,0
30.1652825518009,-85.7123004104707,0
30.132521016281,-85.7166238394591,0
30.1669385168576,-85.716502005954,0
30.2013764189579,-85.8112908716255,0
30.4139333446467,-85.6947382918743,0
30.1966230711988,-85.4671605723406,0
29.8083762404327,-85.2724449521845,0
30.1072913057306,-85.5117522579015,0
30.1949379186959,-85.489803106524,0
30.2970938072569,-85.5280817764703,0
30.1785542260495,-85.7909238336742,0
30.1820245972667,-85.6650891848042,0
30.1415147226476,-85.5153909358617,0
30.3184958906358,-85.6880594846972,0
30.0533115995761,-85.5444111665884,0
30.3060981917854,-85.6341219873458,0
30.1731205548246,-85.7337700860984,0
30.3165676965911,-85.667985524059,0
30.2584311463713,-85.5729140865208,0
30.3223571507105,-85.5542793427422,0
30.2565179289705,-85.5691408465976,0
30.2416626249132,-85.4927086797925,0
30.1269622922385,-85.7077899911499,0
30.1980275014689,-85.6180413832571,0
30.3494264816935,-85.6606717010458,0
30.1766039919705,-85.7422296223437,0
30.3011061170666,-85.6090654273631,0
30.2553106475479,-85.4746418718852,0
30.1935959547727,-85.5332354333049,0
29.7792761244062,-85.2499391598833,0
30.2356400425557,-85.8736988046848,0
29.7078854523276,-85.3382925069331,0
30.3091266678651,-85.666420678486,0
30.3293391506615,-85.709447506162,0
30.1556755413131,-85.5642532386302,0
30.401891602120300,-85.56270157982,0
30.2712868002181,-85.5766687914084,0
29.6959349634399,-85.2745995520753,0
30.3315459110676,-85.6172977910406,0
30.4000983563794,-85.5231581936407,0
29.9329739988584,-85.3788606283183,0
30.1929190979963,-85.5144106113321,0
30.3097491404278,-85.6715238008284,0
30.2903786144952,-85.6760903703042,0
30.3184007055118,-85.5635778706958,0
30.3291120086518,-85.7042590388274,0
30.236114585133,-85.6164699435985,0
30.2769490617255,-85.5883960296639,0
29.7112244310085,-85.3901701102423,0
30.2342927623766,-85.4960529818981,0
29.7073795649167,-85.3251891818483,0
30.3017782832619,-85.6631165352754,0
30.3264088157235,-85.6338460999207,0
30.0543417501621,-85.4801132626727,0
30.2985817808811,-85.5385343234295,0
30.1267925633216,-85.5826091444643,0
30.1868108255108,-85.4901651055485,0
30.3095079224454,-85.6979663965266,0
30.1428212783062,-85.5829098308434,0
30.2230603311927,-85.5884383385611,0
30.1532989496704,-85.6738726290598,0
30.1178831052076,-85.5390434866354,0
29.7298214090308,-85.3487890712686,0
30.1316461046378,-85.6229767334009,0
29.7133140708075,-85.3312472336601,0
30.277305203916,-85.6324611584685,0
30.3086592955445,-85.6610934068776,0
30.2883858895416,-85.5446637401072,0
30.2069997611089,-85.6257525045155,0
30.2382127486281,-85.5685536779398,0
30.2893760983892,-85.5329163447228,0
30.2002467818334,-85.7878830434929,0
30.2156438415631,-85.7064648053459,0
30.2343680771514,-85.612319537703,0
30.1783093025021,-85.7460850217891,0
30.2531475837219,-85.5953637240691,0
30.1958172727583,-85.4716125054832,0
30.1277357229161,-85.6342684259037,0
30.1267509254469,-85.583008833569,0
30.4069248114280,-85.6930095115748,0
30.1568167343432,-85.6860543696327,0
29.714892068994,-85.3447768351339,0
30.1750286714966,-85.7142158400359,0
30.2483822776561,-85.5705771898602,0
30.3969375133535,-85.5499645136036,0
29.7513209336008,-85.2685913671171,0
30.1958482897329,-85.4800363035443,0
30.2786631084151,-85.5442427203757,0
30.3998542164098,-85.5583762234698,0
30.2585245334509,-85.4779644674376,0
30.1908098276609,-85.4631753303388,0
30.1858061922573,-85.5395012523028,0
30.3126885353964,-85.6101113195994,0
30.3220819449241,-85.6023494453199,0
30.1806660344836,-85.5113700079775,0
30.2927790739149,-85.6590228447509,0
30.2357026525833,-85.6967607535316,0
30.2380957741671,-85.6207400842446,0
30.1042069077931,-85.5088149810984,0
29.8947556208472,-85.3380795019709,0
30.2518306113717,-85.4718559900485,0
29.8638847915116,-85.3133788799644,0
30.1934454530964,-85.5284273168667,0
30.1802792424096,-85.6132213952239,0
30.2846769879882,-85.5881298680107,0
30.3888865301713,-85.5336814010181,0
30.1688233003804,-85.7206922508108,0
30.1439000201402,-85.548846808431,0
30.1613707058361,-85.6989454519925,0
30.3658573184975,-85.6804740652823,0
30.1588624232134,-85.690396542868,0
30.3142541737522,-85.6046929636617,0
30.3109562914345,-85.6566506872587,0
30.1965384202975,-85.5561103899907,0
30.2614203428751,-85.5761906778377,0
30.1662936516308,-85.597518835001,0
30.1482085815531,-85.5688804676887,0
30.2902911123148,-85.5942255602282,0
30.4188689595814,-85.5615521332396,0
30.2633142045545,-85.6291744057772,0
30.3526692996239,-85.6623998279285,0
30.1871186003897,-85.5834263811667,0
30.3676364250551,-85.6623477471776,0
30.3032325882938,-85.5496685744055,0
30.3271186219168,-85.622628845328,0
30.3709493096436,-85.6641897225792,0
30.295924582811800,-85.6185392177101,0
29.7274135242633,-85.3375658862244,0
30.1938776596635,-85.4995979356609,0
30.2078329847684,-85.6031298863987,0
30.2777786451575,-85.692006286991,0
30.2262300361611,-85.8585876359275,0
30.234748309713,-85.6917677137262,0
30.2952001942678,-85.6675765060275,0
30.3843429288422,-85.5326035594774,0
30.2584756302812,-85.6412415550178,0
30.2459294287005,-85.5015327987297,0
30.1881049124866,-85.4853837752708,0
30.169034259444600,-85.6007124312533,0
30.0838590253894,-85.5124374393402,0
30.299057252614,-85.5990605366272,0
30.2963906511029,-85.5361379758782,0
29.7227400711258,-85.3460482666107,0
30.1732915887841,-85.776225250468,0
30.2223837382203,-85.6765568689285,0
30.1136096852653,-85.5647842117721,0
30.3127702830144,-85.5519209696072,0
30.1999963222934,-85.7829809111328,0
30.2353681870445,-85.6668383872935,0
30.1491935961950,-85.5735892439825,0
29.7583742658460,-85.2678492768727,0
29.8819815876642,-85.4008293313632,0
29.8513944478827,-85.3180292871834,0
30.1600100051342,-85.6946738905433,0
30.1716783335432,-85.7293421388621,0
30.1942949317131,-85.7949233856769,0
30.17204886345,-85.4868998450576,0
30.1183204147588,-85.5438105623014,0
30.2438352026397,-85.4970643305928,0
30.3473693993701,-85.5435872783613,0
30.3021498815296,-85.613939814775,0
30.1697825941535,-85.7251116456632,0
30.2572777435674,-85.5174122620485,0
30.1122339629874,-85.5498697099114,0
30.1152880787525,-85.5352710879232,0
30.1080827220254,-85.5379945963339,0
30.3241472276858,-85.5585258576042,0
29.7868660032071,-85.2684758615701,0
30.3290534974073,-85.6143833060417,0
30.2367272119348,-85.5000812466248,0
30.3009416920398,-85.529625578925,0
30.3147761222799,-85.6142602669564,0
30.1144688423159,-85.5565388229216,0
30.3375003455415,-85.6499007549649,0
30.1958707620585,-85.4850610776269,0
30.3007207953894,-85.6589734110609,0
30.3161210283356,-85.6627372898599,0
30.3431214785982,-85.6561615927759,0
30.2571677407858,-85.6361065979216,0
29.8757445306205,-85.3246947158875,0
30.2485967689559,-85.5055751729341,0
30.1131899395119,-85.5688504926274,0
30.2603634766351,-85.6196037486082,0
30.1296489772907,-85.7124206831873,0
30.4090780691747,-85.5599173812219,0
30.0657017239058,-85.4821604731354,0
30.314288737658,-85.537963139114,0
30.089561673977,-85.5186857986609,0
30.2839878272189,-85.6238868731274,0
30.1112973261128,-85.5455302087878,0
30.2177777589236,-85.7107536044804,0
30.273855920633,-85.5802491404056,0
30.2941194832746,-85.613908303038,0
30.1342350430047,-85.7049168185789,0
30.2849764098013,-85.5174593134123,0
30.299379092001100,-85.6807897674259,0
30.2096395938157,-85.8269559390153,0
30.0289713262408,-85.4534532124948,0
30.187532620609,-85.4947046872146,0
30.0868496103719,-85.5154499356908,0
30.2831465175092,-85.6673240679387,0
30.0810515891216,-85.5092124515508,0
30.1142684047087,-85.5604930719554,0
30.1560064886763,-85.6773681582421,0
30.2938072546735,-85.6634037297536,0
30.3084326283608,-85.5596518612511,0
30.3062606393934,-85.5564944954331,0
30.2170996712438,-85.541322874652,0
30.2695610190388,-85.5323693099926,0
30.2761153219156,-85.5400352051747,0
30.0295710549271,-85.4461036526861,0
30.1100750414167,-85.541743007376,0
30.3119665572021,-85.5475738270901,0
30.1715165639107,-85.7713302459306,0
30.0779465602114,-85.5064339971698,0
30.1960799869461,-85.4760586181639,0
30.3127003827098,-85.70312890360840,0
30.3228204883689,-85.6151449064958,0
30.1932132054472,-85.7903803122106,0
30.1254064123028,-85.5049868944271,0
30.2978017293146,-85.6763785283909,0
30.2663501620636,-85.5698335789639,0
30.3136688959553,-85.7075093225218,0
30.2615461592818,-85.6566982824389,0
30.2245164819755,-85.6875777747569,0
30.3732061008509,-85.5437356210166,0
30.3934409823077,-85.5431809036108,0
30.1744763206243,-85.7812530093119,0
30.3757859351698,-85.5345107134785,0
30.1151323889198,-85.5526656767513,0
30.1570074361225,-85.6811588111414,0
30.0717155417397,-85.5001909423434,0
30.2295887520075,-85.7019375136852,0
30.1564159078945,-85.5688121762555,0
30.2408382412657,-85.5303732093999,0
30.1370654658398,-85.7092279228223,0
30.2618349056284,-85.6243484879843,0
30.074673056651,-85.5032625797693,0
30.2344982978036,-85.5586008257184,0
30.333704701394000,-85.6327549123721,0
30.2722587153283,-85.5366616668595,0
30.3211575751385,-85.708281901346,0
30.2240696399719,-85.8546541389632,0
30.2213462776887,-85.8511742757395,0
30.263636713457,-85.5796203325882,0
30.1968680674784,-85.6687784910489,0
30.2481443712349,-85.4697911154155,0
30.3865795504384,-85.5407848883767,0
29.9390724673966,-85.3842772058055,0
30.32406393538,-85.6194358465733,0
30.1925847902472,-85.5191657699618,0
30.2283741809485,-85.6968383854992,0
30.2495420279468,-85.6953269425434,0
30.3055267423455,-85.5367111526556,0
30.2918200302131,-85.5777894612505,0
30.3093225640084,-85.5443457275316,0
30.2915076197272,-85.5736584627973,0
30.299225857663600,-85.6903178805449,0
30.2638464285395,-85.5663750167183,0
30.1066565936844,-85.5300188876159,0
30.1017395671141,-85.5305017338149,0
30.1076959125908,-85.5334245653487,0
30.3319456404132,-85.6290907495191,0
30.2879367311935,-85.5200203226121,0
30.1926312847639,-85.7857414899579,0
30.2269025119767,-85.6925654705552,0
30.1947110444037,-85.4944916467534,0
30.0627084903386,-85.4788598693954,0
30.1858325857076,-85.6201620892872,0
30.2126441672398,-85.6191049025839,0
30.2454947929826,-85.6821623906162,0
30.2474957317274,-85.6863131084052,0
30.0450209742072,-85.5161412166413,0
30.3162371808174,-85.5598764645946,0
30.1822137976263,-85.5813153003113,0
30.2910249467761,-85.5226850347336,0
30.2996978286033,-85.6949499524876,0
30.304119807772,-85.532452070413,0
30.2485310781041,-85.6907775998119,0
30.3000454958394,-85.6040271427026,0
30.1901001258637,-85.4595228449168,0
30.131515637779,-85.7005419143362,0
30.2927193764423,-85.5354710096251,0
30.3561281618197,-85.6642430519436,0
30.4069044206138,-85.5556598581475,0
30.317681492003300,-85.6830213370019,0
30.3152429841141,-85.5553956836952,0
30.3072118117955,-85.5406025445035,0
30.3168060595232,-85.6731658754658,0
30.0993265174755,-85.5154474865235,0
30.2601713724045,-85.7045594347771,0
30.3228585855431,-85.6104188916553,0
30.2785871183386,-85.6870310705068,0
30.2832071449693,-85.6194383050232,0
30.2130875015419,-85.5312817004956,0
30.3000397750023,-85.6994641561467,0
30.3361993695584,-85.6457313625656,0
30.2117308451441,-85.8309609482674,0
30.3180419855551,-85.6935015965207,0
30.2075741250401,-85.8232132526956,0
30.2307433688327,-85.675948309976,0
30.3203454286164,-85.7035679042203,0
30.3172582885568,-85.6781766635051,0
30.2196946183529,-85.8471631041419,0
30.3187531327071,-85.6986460003488,0